scenario,tau,Q_wrapped,Q_winding,ring_population,center_population,mean_abs_chi,C0,C1,C2,C3,C4,C5
S-01,0,0.0,1.0,0.9999999999999998,0.0,0.1999999999999999,0.5,0.18,0.18,0.18,0.18,0.18
S-01,10,0.2319917375423437,1.2319917375423437,0.8936223765229392,0.1063776234770607,0.0231311765174825,0.3098771505991331,0.2064359255366247,0.2064359255366248,0.2064359255366247,0.2064359255366247,0.2064359255366247
S-01,20,0.794110924403781,1.794110924403781,0.8540863836687996,0.1459136163312007,0.0036267508160827,0.2507543341992962,0.2167225305939559,0.2167225305939559,0.2167225305939559,0.216722530593956,0.2167225305939559
S-01,40,0.4208947835020976,2.420894783502097,0.8356151189470687,0.1643848810529317,0.0004187333803629,0.2252750161317095,0.2216141625822064,0.2216141625822063,0.2216141625822063,0.2216141625822065,0.2216141625822065
S-01,80,0.4987317135936496,2.4987317135936498,0.8333632679289801,0.1666367320710196,5.696535571890835e-06,0.2222621368085783,0.2222142397350694,0.2222142397350695,0.2222142397350694,0.2222142397350695,0.2222142397350694
S-01,120,0.499978889972087,2.499978889972087,0.8333337256871559,0.1666662743128429,7.477203365315064e-08,0.2222227453609617,0.2222221175945485,0.2222221175945485,0.2222221175945485,0.2222221175945485,0.2222221175945485
S-02,0,0.0,1.0,0.9999999999999998,0.0,0.1999999999999999,0.5,0.18,0.18,0.18,0.18,0.18
S-02,10,0.2346910033767846,1.2346910033767846,0.8926581581984949,0.1073418418015048,0.0229218957219876,0.3083608583996688,0.2072585135050748,0.1949125807387624,0.2193543615382033,0.1952479025676587,0.2173028901406015
S-02,20,0.7771777830381515,1.7771777830381517,0.8533952296736036,0.1466047703263965,0.0035946847999502,0.2497763767121179,0.2176279021701018,0.2126169371142606,0.2215143069999657,0.2123792269316178,0.2204691513721189
S-02,40,0.4680765270252264,0.4680765270252264,0.8354173207723766,0.1645826792276236,0.00038561077477,0.2250095581482384,0.2217758882206749,0.2214117665054137,0.2219189845789394,0.2212871799597048,0.2219407849116031
S-02,80,0.5166078666867543,-0.4833921333132457,0.8333571176298875,0.1666428823701124,4.612174600940825e-06,0.2222539357490134,0.2222156002982513,0.2222159289749874,0.2222161262014859,0.2222141445124463,0.2222175989616834
S-02,120,0.5046400167129459,-0.495359983287054,0.8333336055754894,0.1666663944245103,5.281969680750004e-08,0.2222225852119121,0.2222221435390555,0.2222221590802793,0.22222214338299,0.2222221374775942,0.2222221646416806
