gamma,mean_abs_chi_tau20,mean_abs_chi_tau120,first_tau_mean_abs_chi_below_1e-3,tail_mean_ring_population_tau>20,tail_mean_ring_C_tau>20
0.01,0.12378546626184439,0.021885744225537844,,0.9109598084798886,0.205963785967433
0.02,0.08169742903665264,0.002839615617016548,,0.8744416890605641,0.2123573198066201
0.03,0.053779408515438096,0.0005077144932971237,104.0,0.8575149814640416,0.21612960803945747
0.04,0.035375431726987074,0.00013704326046498302,79.0,0.848488630055959,0.21831624084740334
0.05,0.023321805858169783,3.81170253427744e-05,63.0,0.8432407724178994,0.2196374069264425
0.060000000000000005,0.015476477029296077,1.0533433175330982e-05,52.0,0.8400082179554434,0.22046819133744694
0.06999999999999999,0.010395245292224515,2.869959527112406e-06,45.0,0.8379316297891357,0.22100842505513993
0.08,0.007110917571094719,7.696611768185412e-07,39.0,0.8365547983399304,0.22136935811448058
0.09,0.00498322640869118,2.031699055786757e-07,35.0,0.8356195977553146,0.22161574405290388
0.09999999999999999,0.0035946847999502657,5.281969680750004e-08,32.0,0.8349723800654636,0.221786832471773
0.11,0.002674939793450723,1.3533266476124838e-08,29.0,0.834517852660816,0.22190726357786686
0.12,0.0020476572722114093,3.4195637559504694e-09,26.0,0.8341949151831785,0.22199296917329026
0.13,0.0016002640262852506,8.526562478653822e-10,24.0,0.8339633206809729,0.22205450549089492
0.14,0.0012658352525183362,2.099271610882342e-10,22.0,0.8337959719574003,0.22209900966075694
0.15000000000000002,0.0010066710455241689,5.106199427584365e-11,21.0,0.8336742966578324,0.22213138833887547
0.16,0.000801371032746305,1.2277135926791359e-11,19.0,0.8335853775237237,0.22215506176314154
0.17,0.000637010548861899,2.919462334416214e-12,18.0,0.8335201211767721,0.22217244166649397
0.18000000000000002,0.000505009817173417,6.869880315461623e-13,17.0,0.8334720615540796,0.22218524509890622
0.19,0.0003991058950747633,1.6006828921714283e-13,16.0,0.8334365621471446,0.22219470443558162
0.2,0.0003144003542649322,3.6950529148066903e-14,15.0,0.8334102749453917,0.2222017102128081
0.21000000000000002,0.0002469142679230353,8.450532630530253e-15,15.0,0.8333907680866985,0.22220690964025455
0.22,0.00019336663113440032,1.920106309364551e-15,14.0,0.8333762663936991,0.2222107753627535
0.23,0.0001510461720970363,4.2984987591134137e-16,13.0,0.8333654686302477,0.2222136539535869
0.24000000000000002,0.00011772144312265113,9.814892080329876e-17,12.0,0.8333574176082833,0.22221580041865263
0.25,9.156775175381263e-05,2.0464154915077498e-17,12.0,0.8333514071317338,0.22221740293540415
0.26,7.110351809190529e-05,8.389575555228937e-18,11.0,0.8333469148792381,0.22221860070735316
0.27,5.513393418439697e-05,6.566272577593233e-18,11.0,0.8333435537143324,0.2222194969230614
0.28,4.2701461064985924e-05,9.058340344297647e-18,11.0,0.8333410361880489,0.2222201682077085
0.29000000000000004,3.304299144428495e-05,7.678790751359827e-18,10.0,0.8333391485494208,0.2222206715452813
0.3,2.555337745357881e-05,9.815666520679165e-18,10.0,0.8333377316482212,0.22222104936633394
0.31,1.975483541260931e-05,7.765359772307838e-18,10.0,0.8333366668589184,0.22222133329878027
0.32,1.5271608357577093e-05,5.1157764634236045e-18,9.0,0.8333358656785476,0.2222215469401551
0.33,1.1809210215966987e-05,4.9638194807016915e-18,9.0,0.8333352620227393,0.2222217079110482
0.34,9.137578838381658e-06,3.181935536546593e-18,9.0,0.8333348065095585,0.22222182937885446
0.35000000000000003,7.077507906777104e-06,5.9588443413814275e-18,9.0,0.8333344622117916,0.22222192119017228
0.36000000000000004,5.489792030179394e-06,6.810127769087065e-18,8.0,0.8333342014964328,0.2222219907134151
0.37,4.26659204964185e-06,5.5980915086328776e-18,8.0,0.8333340036707313,0.22222204346642044
0.38,3.3246002696006526e-06,4.20458885997412e-18,8.0,0.8333338532274667,0.22222208358431203
0.39,2.5996531751293952e-06,9.598412335977382e-18,7.0,0.8333337385360312,0.22222211416850463
0.4,2.0424998947056705e-06,5.077739984949415e-18,7.0,0.8333336508654733,0.22222213754720482
0.41000000000000003,1.6154874968581337e-06,6.236404531423847e-18,7.0,0.8333335836550324,0.22222215546992047
0.42000000000000004,1.2899684726959364e-06,2.8997995702791628e-18,7.0,0.8333335319691829,0.22222216925277544
0.43,1.0442670247119182e-06,4.153545605036755e-18,7.0,0.833333492090398,0.22222217988709986
0.44,8.620440904842435e-07,4.157157810234498e-18,7.0,0.8333334612146774,0.22222218812062206
0.45,7.308564272707969e-07,4.2520015611908544e-18,7.0,0.833333437223869,0.2222221945181793
0.46,6.406742986183508e-07,1.9468369242828816e-18,6.0,0.833333418515252,0.22222219950716224
0.47000000000000003,5.824178515227455e-07,3.0540833071051316e-18,6.0,0.8333334038740119,0.22222220341152052
0.48000000000000004,5.47270889526394e-07,3.3330313319943354e-18,6.0,0.8333333923776374,0.222222206477257
0.49,5.272892305600429e-07,3.488283614327284e-18,6.0,0.8333333833242947,0.22222220889152738
0.5,5.163252707158659e-07,3.0964059623456954e-18,6.0,0.8333333761790732,0.22222221079697474
