tau,Q_wrapped,Q_winding,ring_population,center_population,mean_ring_C,C0,C1,C2,C3,C4,C5,mean_abs_chi
0,0.0,1.0,0.9999999999999998,0.0,0.18,0.5,0.18,0.18000000000000005,0.18,0.18,0.18,0.19999999999999996
1,0.0,1.0,1.0,-2.670643586088104e-18,0.17999999999999994,0.5,0.17999999999999994,0.18,0.17999999999999994,0.17999999999999994,0.17999999999999994,0.16200000000000003
2,0.010706496460841809,1.0107064964608419,0.9885904731714255,0.011409526828574656,0.1827487006230541,0.4774413009477546,0.1827487006230541,0.1827487006230541,0.1827487006230541,0.1827487006230541,0.18274870062305404,0.13066065608331345
3,0.041764522725048527,1.0417645227250485,0.9622010309888357,0.037798969011164404,0.18918605352734397,0.42725958609428516,0.18918605352734402,0.18918605352734397,0.18918605352734397,0.18918605352734397,0.18918605352734402,0.10464856885791958
4,0.07499038129750268,1.0749903812975028,0.9398214691995049,0.06017853080049518,0.1947325638376633,0.38688584953762195,0.19473256383766335,0.19473256383766324,0.1947325638376633,0.19473256383766335,0.1947325638376633,0.08390054710407875
5,0.08738213053914205,1.087382130539142,0.9331504601353697,0.06684953986463023,0.19640139844592025,0.37523864223096515,0.19640139844592025,0.19640139844592025,0.19640139844592025,0.1964013984459203,0.19640139844592025,0.0677318940684192
6,0.09205887180968778,1.0920588718096877,0.9311203266408538,0.0688796733591462,0.19691067435836013,0.37172947208583296,0.19691067435836013,0.19691067435836013,0.19691067435836013,0.19691067435836013,0.19691067435836007,0.05479703978664245
7,0.12260196156205398,1.122601961562054,0.9204707418153633,0.0795292581846367,0.19959301419690473,0.3535912894455238,0.19959301419690478,0.19959301419690473,0.19959301419690478,0.19959301419690473,0.19959301419690467,0.04407789346663511
8,0.17809010515167176,1.1780901051516717,0.9050528674474881,0.0949471325525118,0.20350850845099844,0.32813565085486485,0.20350850845099838,0.20350850845099838,0.2035085084509985,0.20350850845099838,0.20350850845099838,0.03539093729912317
9,0.21894753629724348,1.2189475362972435,0.8959645623362908,0.10403543766370907,0.2058343748224806,0.3135758692523408,0.20583437482248057,0.20583437482248063,0.20583437482248063,0.20583437482248057,0.20583437482248057,0.028571446177569692
10,0.23199173754234378,1.2319917375423437,0.8936223765229392,0.10637762347706077,0.20643592553662476,0.3098771505991331,0.20643592553662476,0.20643592553662482,0.20643592553662476,0.20643592553662476,0.20643592553662476,0.023131176517482508
11,0.25809750274163906,1.258097502741639,0.8898287148010169,0.11017128519898303,0.20741212541434756,0.3039328537668252,0.20741212541434756,0.20741212541434761,0.20741212541434756,0.20741212541434756,0.20741212541434756,0.01873242547164989
12,0.3270600671653019,1.327060067165302,0.8816838665631619,0.11831613343683806,0.20951576861935664,0.2913651479892112,0.2095157686193566,0.20951576861935667,0.20951576861935656,0.2095157686193566,0.20951576861935667,0.015243896667771473
13,0.4042351865703461,1.404235186570346,0.8741627734356081,0.12583722656439186,0.2114677349826075,0.2799955620500525,0.2114677349826075,0.2114677349826075,0.21146773498260746,0.2114677349826075,0.21146773498260757,0.012524210336989092
14,0.4455222606454793,1.4455222606454792,0.8708147195984772,0.1291852804015229,0.2123395742301591,0.27500711254179433,0.2123395742301591,0.2123395742301591,0.21233957423015903,0.21233957423015903,0.21233957423015914,0.010262887059291652
15,0.4718537774865015,1.4718537774865015,0.8690488981135763,0.13095110188642375,0.21280011973956317,0.27239417839768953,0.21280011973956314,0.21280011973956314,0.21280011973956314,0.21280011973956314,0.21280011973956314,0.00838711039208328
16,0.5366592421237965,1.5366592421237963,0.8654036021231337,0.13459639787686667,0.21375243071616218,0.2670395848891223,0.21375243071616212,0.21375243071616218,0.21375243071616223,0.21375243071616218,0.21375243071616223,0.00697920105288599
17,0.6345418227238442,1.6345418227238442,0.8605684822573434,0.13943151774265689,0.21501885610943922,0.2600192607947279,0.21501885610943916,0.21501885610943927,0.21501885610943927,0.21501885610943927,0.21501885610943927,0.005974390095877022
18,0.7095477672537795,1.7095477672537795,0.8572129175372927,0.1427870824627078,0.2158999518645067,0.2552021369110086,0.21589995186450667,0.21589995186450672,0.21589995186450678,0.21589995186450672,0.21589995186450672,0.005114537783323056
19,0.7483679178512733,1.7483679178512732,0.8556738140587736,0.14432618594122684,0.21630468846176165,0.25300772401422944,0.21630468846176149,0.21630468846176165,0.2163046884617617,0.21630468846176165,0.2163046884617617,0.004283988447235391
20,0.794110924403781,1.794110924403781,0.8540863836687996,0.14591361633120073,0.21672253059395596,0.25075433419929627,0.2167225305939559,0.2167225305939559,0.21672253059395596,0.21672253059395602,0.21672253059395596,0.0036267508160827042
21,0.8738411438113187,1.8738411438113187,0.8515249850692052,0.14847501493079526,0.2173975899880868,0.24713963025580926,0.21739758998808678,0.21739758998808678,0.21739758998808678,0.21739758998808678,0.21739758998808678,0.0032159196491392144
22,0.953823589388731,1.953823589388731,0.848979006868124,0.1510209931318764,0.21806962558097326,0.24357269446932373,0.21806962558097331,0.21806962558097326,0.21806962558097326,0.2180696255809732,0.21806962558097326,0.002910805166375997
23,0.003206262757470413,2.0032062627574705,0.8474348593031905,0.15256514069680993,0.2184777235397012,0.24142196291805496,0.21847772353970124,0.21847772353970124,0.21847772353970124,0.21847772353970119,0.21847772353970124,0.0025561817585553277
24,0.03539304472643817,2.035393044726438,0.8464973083811491,0.15350269161885127,0.21872569209526277,0.24012076943076177,0.2187256920952627,0.21872569209526282,0.21872569209526277,0.2187256920952627,0.2187256920952627,0.002195537723660336
25,0.07981270202807429,2.0798127020280743,0.845281712012223,0.15471828798777743,0.21904740900809597,0.2384389213001828,0.21904740900809588,0.21904740900809605,0.219047409008096,0.21904740900809594,0.219047409008096,0.0019457218888732936
26,0.13596956788193298,2.135969567881933,0.843728575761574,0.15627142423842644,0.21945880245990274,0.2362986675901596,0.21945880245990274,0.2194588024599028,0.21945880245990274,0.21945880245990274,0.21945880245990274,0.0017978497536472733
27,0.18065227002643808,2.180652270026438,0.8424370864521877,0.15756291354781274,0.219801184989529,0.23452631635572552,0.21980118498952894,0.219801184989529,0.219801184989529,0.219801184989529,0.219801184989529,0.0016465623732409202
28,0.20783736857815197,2.207837368578152,0.8416537093769996,0.15834629062300082,0.22000899356984518,0.23345451426212604,0.2200089935698451,0.2200089935698452,0.22000899356984516,0.2200089935698452,0.22000899356984527,0.001451386959516935
29,0.23096762042874797,2.230967620428748,0.8410178331282956,0.15898216687170483,0.22017774639986687,0.23258632502303556,0.2201777463998668,0.22017774639986687,0.2201777463998668,0.22017774639986692,0.22017774639986692,0.001272307770774995
30,0.26123462605804154,2.2612346260580414,0.8401993844282309,0.15980061557176947,0.22039504667619386,0.231471242330694,0.22039504667619386,0.22039504667619386,0.22039504667619386,0.22039504667619386,0.22039504667619397,0.001156489146008073
31,0.29238051947061855,2.2923805194706186,0.8393222388599664,0.1606777611400339,0.22062805010760594,0.23027916356987976,0.22062805010760594,0.22062805010760594,0.2206280501076059,0.2206280501076059,0.220628050107606,0.0010733274670617545
32,0.3149557277311862,2.3149557277311863,0.838661665523405,0.16133833447659546,0.2208036049281173,0.2293834473901727,0.2208036049281173,0.2208036049281173,0.2208036049281173,0.2208036049281173,0.22080360492811735,0.0009731781338183133
33,0.33019170263558895,2.330191702635589,0.838221771516573,0.16177822848342757,0.22092055045292133,0.22878793345561704,0.2209205504529213,0.22092055045292136,0.22092055045292136,0.22092055045292136,0.22092055045292136,0.0008577763416954962
34,0.3455118805993963,2.345511880599396,0.8377937975119154,0.16220620248808523,0.22103435676718872,0.22820929927504097,0.2210343567671887,0.2210343567671888,0.22103435676718874,0.22103435676718874,0.22103435676718874,0.0007626994603562821
35,0.36360383000518404,2.363603830005184,0.8372855236639543,0.1627144763360462,0.22116955438539604,0.22752304894653508,0.22116955438539604,0.22116955438539604,0.22116955438539604,0.22116955438539604,0.22116955438539598,0.0006987607275298564
36,0.38002227289423623,2.3800222728942364,0.836805629355539,0.1631943706444618,0.221297241163474,0.2268760639311604,0.221297241163474,0.22129724116347405,0.221297241163474,0.221297241163474,0.221297241163474,0.0006427366856196524
37,0.3917457243024069,2.3917457243024067,0.8364565387669054,0.16354346123309518,0.22139014779291077,0.22640600495801144,0.22139014779291083,0.22139014779291077,0.22139014779291077,0.22139014779291072,0.22139014779291077,0.0005765904234307202
38,0.40080564418903275,2.400805644189033,0.8361925468069544,0.16380745319304604,0.2214604193040583,0.22605085705709183,0.2214604193040584,0.2214604193040582,0.22146041930405824,0.22146041930405824,0.22146041930405835,0.0005094428489557987
39,0.4105196145228132,2.4105196145228134,0.8359154451098082,0.16408455489019236,0.22153419246592704,0.22567837252664036,0.2215341924659271,0.22153419246592693,0.22153419246592698,0.2215341924659271,0.2215341924659271,0.0004572249459648501
40,0.42089478350209764,2.4208947835020975,0.8356151189470687,0.16438488105293175,0.22161416258220643,0.22527501613170953,0.2216141625822064,0.2216141625822063,0.22161416258220634,0.2216141625822065,0.2216141625822065,0.00041873338036298706
41,0.4296339917569207,2.4296339917569205,0.835354759026786,0.16464524097321437,0.22168350226358155,0.22492562880382694,0.22168350226358158,0.22168350226358152,0.22168350226358158,0.22168350226358163,0.22168350226358158,0.00038116710587767926
42,0.43607562479146067,2.4360756247914606,0.8351625041614814,0.16483749583851903,0.22173471100398956,0.2246678083915895,0.2217347110039895,0.22173471100398956,0.22173471100398956,0.22173471100398956,0.2217347110039895,0.0003397800944413663
43,0.44166311876595765,2.4416631187659577,0.8349996393393642,0.16500036066063628,0.22177809608000382,0.2244495167150075,0.22177809608000382,0.22177809608000382,0.22177809608000382,0.22177809608000382,0.2217780960800037,0.00030152832966062
44,0.4476500175562452,2.4476500175562452,0.834827098186006,0.1651729018139943,0.221824063434851,0.2242183713593222,0.221824063434851,0.221824063434851,0.22182406343485106,0.22182406343485095,0.2218240634348509,0.0002721222410534442
45,0.4535306788932159,2.453530678893216,0.8346548174243487,0.1653451825756515,0.2218699661702343,0.22398769365064808,0.2218699661702344,0.2218699661702343,0.2218699661702344,0.22186996617023425,0.22186996617023425,0.00024827490819952317
46,0.4583043001689358,2.458304300168936,0.8345126318102911,0.16548736818970922,0.2219078538879587,0.2237974016812943,0.2219078538879587,0.22190785388795864,0.2219078538879587,0.22190785388795864,0.22190785388795864,0.00022410151544972217
47,0.4620275653717865,2.4620275653717867,0.834402722731858,0.16559727726814205,0.22193714320344382,0.22365036194095972,0.22193714320344382,0.22193714320344382,0.22193714320344388,0.22193714320344382,0.22193714320344388,0.00019930524420787047
48,0.4655109265815977,2.4655109265815978,0.8343020434061805,0.16569795659381956,0.22196397460806608,0.22351571245109553,0.22196397460806605,0.22196397460806605,0.2219639746080661,0.22196397460806605,0.2219639746080661,0.00017773043611093157
49,0.46912563132939133,2.4691256313293914,0.8341979761696687,0.1658020238303313,0.22199171060777823,0.22337657455180487,0.22199171060777823,0.22199171060777823,0.22199171060777823,0.22199171060777817,0.22199171060777823,0.00016080637333215495
50,0.47245847026876475,2.472458470268765,0.834100660009221,0.16589933999077902,0.22201764887853703,0.22324650203719415,0.22201764887853703,0.2220176488785371,0.2220176488785371,0.22201764887853698,0.2220176488785371,0.00014600779692618452
51,0.4751427255330783,2.4751427255330785,0.8340218128297805,0.16597818717021945,0.22203866561015762,0.2231411428921859,0.22203866561015762,0.22203866561015767,0.22203866561015756,0.22203866561015762,0.22203866561015773,0.00013103265469117598
52,0.47737043187618805,2.477370431876188,0.8339573084523666,0.16604269154763351,0.22205586000474264,0.2230549677374981,0.22205586000474264,0.22205586000474264,0.22205586000474253,0.22205586000474264,0.22205586000474264,0.00011658151865171131
53,0.47953280462873565,2.4795328046287355,0.8338957171643737,0.16610428283562656,0.2220722785026573,0.2229726998814225,0.22207227850265732,0.22207227850265726,0.22207227850265732,0.22207227850265732,0.22207227850265737,0.00010440517011086717
54,0.48168362728062336,2.4816836272806233,0.8338344122969024,0.1661655877030977,0.2220886212516806,0.22289082966723628,0.22208862125168066,0.22208862125168055,0.22208862125168066,0.22208862125168066,0.22208862125168066,9.449663680058897e-05
55,0.4835838723243042,2.483583872324304,0.8337797162884042,0.16622028371159595,0.22210320270815612,0.222817798011135,0.2221032027081561,0.2221032027081561,0.2221032027081561,0.2221032027081561,0.2221032027081561,8.540092563152958e-05
56,0.4851343440256593,2.4851343440256595,0.8337351776092827,0.16626482239071746,0.22211507666694147,0.22275833754779872,0.22211507666694147,0.22211507666694152,0.22211507666694158,0.22211507666694158,0.2221150766669414,7.638862556070012e-05
57,0.4864918692763299,2.48649186927633,0.8336967916844922,0.16630320831550785,0.22212531056340437,0.22270709756104667,0.22212531056340434,0.22212531056340434,0.2221253105634044,0.22212531056340434,0.2221253105634043,6.809232059330189e-05
58,0.487820252302511,2.487820252302511,0.8336596578395256,0.16634034216047455,0.22213521087291893,0.22265753453917841,0.222135210872919,0.22213521087291893,0.222135210872919,0.22213521087291893,0.22213521087291893,6.116968111929542e-05
59,0.4890883424973564,2.4890883424973564,0.8336241127947968,0.16637588720520347,0.22214468779671429,0.22261009727623027,0.2221446877967143,0.22214468779671426,0.2221446877967143,0.2221446877967142,0.22214468779671426,5.5305134718475396e-05
60,0.4901823129326792,2.490182312932679,0.8335932991735848,0.1664067008264155,0.22215290340473431,0.22256897850703328,0.22215290340473437,0.22215290340473426,0.22215290340473426,0.22215290340473426,0.22215290340473426,4.9788543535843746e-05
61,0.4910974858116331,2.491097485811633,0.8335677074900603,0.16643229250994002,0.22215972684159474,0.22253483096034843,0.2221597268415949,0.22215972684159463,0.22215972684159468,0.22215972684159468,0.22215972684159468,4.447428689326046e-05
62,0.491929778434161,2.491929778434161,0.8335447736410176,0.16645522635898258,0.22216584171673337,0.22250423204647513,0.22216584171673348,0.22216584171673331,0.22216584171673337,0.22216584171673331,0.22216584171673343,3.973924517445644e-05
63,0.49273657629157336,2.4927365762915734,0.8335227027975439,0.1664772972024561,0.22217172656729622,0.2224747865627576,0.22217172656729628,0.22217172656729617,0.22217172656729622,0.22217172656729617,0.22217172656729622,3.576409975336623e-05
64,0.49348100757026314,2.493481007570263,0.8335022823041146,0.1664977176958856,0.22217717144684762,0.22244754460410648,0.22217717144684762,0.22217717144684762,0.22217717144684768,0.22217717144684762,0.22217717144684762,3.2276917058449355e-05
65,0.49411801805920774,2.4941180180592077,0.8334848044200005,0.16651519557999966,0.22218183176792347,0.22242422955809177,0.22218183176792344,0.22218183176792344,0.2221818317679235,0.2221818317679236,0.2221818317679235,2.8975634321182595e-05
66,0.49466637529039154,2.4946663752903917,0.8334699091872304,0.16653009081276987,0.22218580348675349,0.222404360666679,0.22218580348675337,0.22218580348675343,0.22218580348675349,0.22218580348675354,0.22218580348675349,2.5883231737127723e-05
67,0.4951759155262475,2.4951759155262474,0.833456239621583,0.16654376037841742,0.2221894484204988,0.2223861274851326,0.2221894484204987,0.2221894484204987,0.22218944842049893,0.22218944842049881,0.22218944842049876,2.3179842354104068e-05
68,0.4956611915960875,2.4956611915960876,0.8334432767562243,0.16655672324377607,0.22219290494312252,0.22236883762785553,0.2221929049431225,0.2221929049431225,0.2221929049431226,0.2221929049431225,0.2221929049431225,2.0875621790099314e-05
69,0.4960980896311579,2.496098089631158,0.8334315894628649,0.16656841053713545,0.22219602136002187,0.22235324970346448,0.22219602136002187,0.22219602136002187,0.22219602136002187,0.2221960213600218,0.22219602136002187,1.880256986574891e-05
70,0.4964732094926074,2.4964732094926076,0.8334215899460061,0.166578410053994,0.22219868774864784,0.22233991328424513,0.22219868774864793,0.22219868774864793,0.22219868774864782,0.22219868774864782,0.22219868774864782,1.684998572123594e-05
71,0.4968045984920738,2.4968045984920737,0.8334128525232746,0.1665871474767255,0.22220101761076866,0.2223282604554136,0.22220101761076871,0.22220101761076866,0.2222010176107686,0.22220101761076866,0.22220101761076866,1.5063938321871365e-05
72,0.4971149648447648,2.497114964844765,0.8334047497628789,0.16659525023712132,0.22220317824903463,0.2223174543288955,0.22220317824903463,0.22220317824903463,0.22220317824903457,0.22220317824903463,0.22220317824903463,1.3514427670206154e-05
73,0.4974048272962921,2.4974048272962923,0.8333972024193295,0.16660279758067048,0.22220519079229736,0.22230738916207077,0.2222051907922974,0.2222051907922974,0.22220519079229734,0.2222051907922974,0.2222051907922974,1.2169348839874348e-05
74,0.4976619182297924,2.4976619182297926,0.8333905118199164,0.16660948818008375,0.22220697488735044,0.2222984667430914,0.22220697488735042,0.22220697488735042,0.22220697488735047,0.22220697488735042,0.22220697488735047,1.094104447252641e-05
75,0.49788494755642304,2.497884947556423,0.8333847432238897,0.16661525677611044,0.22220851312951195,0.22229077402891756,0.22220851312951195,0.22220851312951195,0.222208513129512,0.222208513129512,0.22220851312951195,9.796754930215616e-06
76,0.4980858853804599,2.4980858853804597,0.8333796010540387,0.16662039894596137,0.22220988433462358,0.22228391679789994,0.22220988433462358,0.22220988433462358,0.22220988433462358,0.22220988433462358,0.22220988433462358,8.768400346514391e-06
77,0.49827378630805863,2.498273786308059,0.8333748287832492,0.16662517121675086,0.22221115690666116,0.22227755293252133,0.22221115690666116,0.2222111569066611,0.2222111569066611,0.22221115690666116,0.22221115690666116,7.875510131633962e-06
78,0.4984462255181172,2.498446225518117,0.8333704586265436,0.16662954137345626,0.22221232225429577,0.2222717253697442,0.22221232225429582,0.22221232225429577,0.22221232225429577,0.22221232225429577,0.22221232225429577,7.087127093621955e-06
79,0.49859816744568525,2.498598167445685,0.8333666178243693,0.1666333821756305,0.22221334644657453,0.22226660375931845,0.22221334644657453,0.22221334644657453,0.22221334644657453,0.22221334644657453,0.22221334644657453,6.362781827992966e-06
80,0.49873171359364965,2.4987317135936498,0.8333632679289801,0.1666367320710196,0.22221423973506949,0.22226213680857837,0.22221423973506949,0.22221423973506954,0.22221423973506949,0.22221423973506954,0.22221423973506943,5.696535571890835e-06
81,0.49885352629154395,2.498853526291544,0.8333602416467304,0.16663975835326927,0.2222150467299076,0.2222581014215334,0.22221504672990755,0.2222150467299076,0.2222150467299076,0.22221504672990766,0.2222150467299075,5.104450974823507e-06
82,0.4989666567078586,2.4989666567078586,0.8333574474696859,0.1666425525303137,0.22221579183238088,0.22225437556700928,0.22221579183238083,0.22221579183238083,0.22221579183238094,0.22221579183238088,0.22221579183238077,4.587261547389259e-06
83,0.49906908596920996,2.49906908596921,0.8333549237677133,0.16664507623228622,0.22221646481034601,0.2222510104003565,0.22221646481034601,0.22221646481034596,0.22221646481034607,0.22221646481034601,0.22221646481034596,4.124521262418759e-06
84,0.4991593219725754,2.4991593219725754,0.8333527101950431,0.16664728980495655,0.22221705508913675,0.22224805878876125,0.22221705508913675,0.2222170550891367,0.22221705508913675,0.2222170550891367,0.2222170550891367,3.699460773558869e-06
85,0.4992396388442586,2.4992396388442586,0.8333507563264348,0.16664924367356465,0.2222175761150133,0.22224545348681296,0.22221757611501336,0.2222175761150133,0.2222175761150133,0.2222175761150133,0.22221757611501336,3.313089781349958e-06
86,0.4993133226131489,2.499313322613149,0.8333489787742919,0.16665102122570752,0.22221805012421564,0.22224308329972742,0.22221805012421575,0.22221805012421564,0.22221805012421558,0.22221805012421564,0.22221805012421564,2.9715660513141775e-06
87,0.49938114777162945,2.4993811477716292,0.8333473503810118,0.16665264961898768,0.2222184843585595,0.2222409120120828,0.22221848435855962,0.22221848435855945,0.22221848435855945,0.22221848435855945,0.22221848435855945,2.670768124442811e-06
88,0.499442015130427,2.499442015130427,0.8333458936873082,0.16665410631269123,0.2222188728071166,0.22223896967638113,0.22221887280711666,0.2222188728071166,0.22221887280711655,0.2222188728071166,0.2222188728071166,2.399306496441163e-06
89,0.49949584507694256,2.4994958450769427,0.8333446127860134,0.16665538721398587,0.22221921437835226,0.22223726174691538,0.2222192143783523,0.22221921437835235,0.2222192143783523,0.22221921437835224,0.22221921437835224,2.150944225749918e-06
90,0.49954424698886923,2.499544246988869,0.8333434706123333,0.16665652938766584,0.22221951895604342,0.22223573879975217,0.22221951895604336,0.22221951895604342,0.22221951895604342,0.22221951895604342,0.2222195189560433,1.927296925444992e-06
91,0.49958868693095626,2.4995886869309563,0.8333424294471045,0.1666575705528946,0.22221979659850238,0.22223435053939689,0.22221979659850238,0.22221979659850238,0.22221979659850244,0.22221979659850238,0.22221979659850233,1.7297792517142059e-06
92,0.4996292398164017,2.4996292398164015,0.8333414834510126,0.1666585165489866,0.2222200488628217,0.22223308917864448,0.2222200488628217,0.2222200488628217,0.22222004886282176,0.2222200488628217,0.22222004886282165,1.554372542337675e-06
93,0.4996654669738518,2.499665466973852,0.8333406418226535,0.16665935817734562,0.22222027329600996,0.22223196698147835,0.22222027329600996,0.22222027329600996,0.22222027329600996,0.2222202732960099,0.22222027329600996,1.3953855400976704e-06
94,0.49969769219912313,2.499697692199123,0.8333398981002346,0.166660101899765,0.22222047162116296,0.2222309753309501,0.22222047162116293,0.22222047162116293,0.22222047162116298,0.22222047162116293,0.22222047162116304,1.2507453097863973e-06
95,0.4997268689843609,2.499726868984361,0.8333392300557934,0.16666076994420598,0.22222064976568126,0.22223008458837917,0.22222064976568123,0.22222064976568118,0.2222206497656813,0.22222064976568118,0.2222206497656813,1.1213268933178802e-06
96,0.4997535946746274,2.4997535946746274,0.8333386219471786,0.16666137805282077,0.2222208119274344,0.22222927376328894,0.22222081192743437,0.22222081192743443,0.22222081192743437,0.22222081192743431,0.22222081192743443,1.0067883739586188e-06
97,0.4997778093973252,2.499777809397325,0.8333380733394832,0.166661926660516,0.22222095822237967,0.22222854227535843,0.22222095822237964,0.2222209582223797,0.22222095822237958,0.2222209582223797,0.2222209582223797,9.043730256938968e-07
98,0.4997994167263037,2.4997994167263036,0.8333375862329492,0.16666241376705007,0.22222108811710495,0.22222789279121863,0.22222108811710495,0.22222108811710495,0.22222108811710495,0.222221088117105,0.222221088117105,8.114534065474279e-07
99,0.49981875375194335,2.4998187537519434,0.8333371533660416,0.1666628466339577,0.22222120354800082,0.2222273156283528,0.22222120354800073,0.22222120354800068,0.22222120354800085,0.22222120354800085,0.22222120354800085,7.274016963275705e-07
100,0.4998363272789637,2.4998363272789637,0.833336762860766,0.16666323713923326,0.22222130768251444,0.22222679494899011,0.2222213076825144,0.22222130768251436,0.22222130768251452,0.22222130768251452,0.2222213076825144,6.524572271932056e-07
101,0.4998523623545171,2.4998523623545172,0.8333364085408375,0.16666359145916154,0.22222140216764436,0.22222632251780955,0.2222214021676444,0.22222140216764436,0.22222140216764436,0.22222140216764436,0.22222140216764424,5.858901813225221e-07
102,0.4998668181274264,2.4998668181274266,0.8333360905736953,0.1666639094263036,0.22222148695873392,0.22222589855791108,0.222221486958734,0.222221486958734,0.22222148695873395,0.22222148695873378,0.22222148695873378,5.260817230843869e-07
103,0.4998797328259865,2.4998797328259865,0.8333358081110782,0.1666641918889208,0.22222156228198023,0.22222552193813244,0.22222156228198026,0.22222156228198026,0.22222156228198026,0.2222215622819801,0.2222215622819802,4.718851391029996e-07
104,0.49989135064697654,2.4998913506469767,0.8333355558186628,0.16666444418133636,0.22222162955986285,0.22222518554587484,0.22222162955986285,0.2222216295598629,0.22222162955986297,0.22222162955986274,0.2222216295598629,4.230983335857106e-07
105,0.4999019213794864,2.4999019213794864,0.833335327814901,0.16666467218509823,0.22222169036078912,0.22222488153893605,0.2222216903607891,0.22222169036078915,0.22222169036078915,0.2222216903607891,0.22222169036078915,3.7964625932726227e-07
106,0.49991152669496436,2.4999115266949645,0.8333351217290785,0.16666487827092052,0.22222174531694608,0.22222460675628047,0.222221745316946,0.2222217453169461,0.22222174531694605,0.22222174531694605,0.22222174531694605,3.408993730390743e-07
107,0.49992016096041497,2.499920160960415,0.8333349373947214,0.16666506260527775,0.22222179447272458,0.22222436097588677,0.22222179447272455,0.22222179447272455,0.22222179447272455,0.2222217944727246,0.2222217944727246,3.059906578620859e-07
108,0.49992789379280367,2.499927893792804,0.8333347733195531,0.16666522668044592,0.22222183822606284,0.22222414220799702,0.2222218382260629,0.22222183822606284,0.22222183822606278,0.22222183822606278,0.22222183822606284,2.744326099947071e-07
109,0.4999348764328072,2.4999348764328073,0.833334626194902,0.16666537380509688,0.22222187745927097,0.2222239460409916,0.22222187745927102,0.22222187745927102,0.2222218774592709,0.2222218774592709,0.22222187745927097,2.461246074584072e-07
110,0.4999412259396141,2.499941225939614,0.8333344932477116,0.16666550675228725,0.22222191291182897,0.22222376877741895,0.22222191291182908,0.22222191291182897,0.2222219129118289,0.22222191291182897,0.22222191291182897,2.2089837682078664e-07
111,0.4999469744710915,2.4999469744710914,0.8333343735080421,0.166665626491957,0.2222219448423865,0.22222360912399908,0.22222194484238655,0.2222219448423865,0.2222219448423864,0.2222219448423865,0.2222219448423865,1.983255116751223e-07
112,0.49995213619062817,2.499952136190628,0.8333342665683383,0.16666573343166086,0.22222197335962396,0.22222346653730513,0.22222197335962396,0.22222197335962396,0.2222219733596239,0.22222197335962396,0.22222197335962396,1.7796789645767863e-07
113,0.4999567721668441,2.499956772166844,0.8333341711374015,0.16666582886259756,0.2222219988078602,0.2222233392957182,0.22222199880786014,0.2222219988078602,0.22222199880786014,0.22222199880786025,0.22222199880786014,1.59613807845347e-07
114,0.49996096791457073,2.499960967914571,0.8333340853488904,0.16666591465110858,0.22222202168478553,0.22222322491076407,0.2222220216847855,0.22222202168478555,0.22222202168478555,0.2222220216847856,0.22222202168478555,1.4318492312230156e-07
115,0.49996477721902255,2.4999647772190228,0.8333340079223814,0.16666599207761754,0.22222204233184578,0.22222312167519787,0.22222204233184573,0.22222204233184584,0.22222204233184584,0.22222204233184578,0.22222204233184584,1.2852288217621627e-07
116,0.4999682166248824,2.4999682166248824,0.8333339383837839,0.16666606161621506,0.22222206087546467,0.22222302895688983,0.2222220608754647,0.2222220608754647,0.2222220608754647,0.22222206087546464,0.2222220608754647,1.1536878734746364e-07
117,0.49997130549995217,2.499971305499952,0.8333338762887488,0.1666661237112502,0.22222207743413502,0.22222294616336713,0.22222207743413502,0.22222207743413513,0.22222207743413502,0.22222207743413502,0.22222207743413502,1.0350811343216088e-07
118,0.4999740869648285,2.4999740869648286,0.8333338207375623,0.1666661792624365,0.22222209224778017,0.22222287209500424,0.22222209224778017,0.22222209224778022,0.2222220922477801,0.22222209224778017,0.22222209224778017,9.284086405083726e-08
119,0.4999766067430673,2.4999766067430675,0.833333770736812,0.1666662292631868,0.2222221055813099,0.2222228054272447,0.2222221055813099,0.2222221055813099,0.22222210558130984,0.2222221055813099,0.2222221055813099,8.330122143739341e-08
120,0.49997888997208706,2.499978889972087,0.8333337256871559,0.16666627431284295,0.22222211759454852,0.22222274536096176,0.22222211759454857,0.22222211759454852,0.22222211759454852,0.22222211759454852,0.22222211759454857,7.477203365315063e-08
