gamma,tau_life_null_raw,tau_life_site_raw,tau_life_edge_raw,R_site_raw,R_edge_raw,tau_life_null_lin,tau_life_site_lin,tau_life_edge_lin,R_site_lin,R_edge_lin,tau_life_null_log,tau_life_site_log,tau_life_edge_log,R_site_log,R_edge_log,null_censored
0.01,censored>=100,censored>=100,censored>=100,,,,,,,,,,,,,True
0.02,58.5,censored>=100,censored>=100,,,58.4560,,,,,58.4467,,,,,False
0.03,40.0,86.0,88.0,2.15,2.2,39.9762,85.9668,87.9517,2.150452,2.200105,39.9707,85.9666,87.9515,2.150741,2.200398,False
0.04,30.0,64.0,65.5,2.133333,2.183333,29.6762,63.9434,65.3947,2.154701,2.203607,29.6566,63.9430,65.3941,2.156111,2.20504,False
0.05,24.5,51.0,52.0,2.081633,2.122449,24.2611,50.7389,51.8720,2.091366,2.138068,24.2310,50.7377,51.8710,2.093916,2.14069,False
0.06,19.5,42.0,43.0,2.153846,2.205128,19.3949,41.9488,42.8610,2.162881,2.209913,19.3758,41.9483,42.8599,2.164982,2.21203,False
0.07,17.0,36.0,36.5,2.117647,2.147059,16.7421,35.6817,36.4338,2.131253,2.176175,16.7191,35.6800,36.4330,2.13409,2.179125,False
0.08,14.5,31.0,32.0,2.137931,2.206897,14.4089,30.9835,31.6182,2.150298,2.194349,14.3975,30.9832,31.6168,2.151989,2.195997,False
0.09,14.0,27.5,28.0,1.964286,2.0,13.6651,27.3387,27.8778,2.000629,2.040075,13.6371,27.3368,27.8762,2.004582,2.044136,False
0.1,12.0,24.5,25.0,2.041667,2.083333,11.5321,24.4242,24.8882,2.117931,2.158171,11.5289,24.4228,24.8865,2.118399,2.158618,False
0.11,11.5,22.5,22.5,1.956522,1.956522,11.0842,22.0410,22.4459,1.988508,2.025041,11.0665,22.0401,22.4449,1.991607,2.02818,False
0.12,11.0,20.5,20.5,1.863636,1.863636,10.5447,20.0608,20.4156,1.902459,1.936108,10.5369,20.0595,20.4140,1.903743,1.937381,False
0.13,9.0,18.5,19.0,2.055556,2.111111,8.8893,18.3920,18.6997,2.069002,2.103618,8.8621,18.3897,18.6967,2.075096,2.109729,False
0.14,9.0,17.0,17.5,1.888889,1.944444,8.5433,16.9533,17.2293,1.984384,2.016692,8.5333,16.9521,17.2260,1.986576,2.018673,False
0.15,8.5,16.0,16.0,1.882353,1.882353,8.2231,15.7214,15.9566,1.911852,1.94045,8.1911,15.7177,15.9554,1.918889,1.947907,False
0.16,8.0,15.0,15.0,1.875,1.875,7.7413,14.6325,14.8469,1.890193,1.917892,7.7248,14.6294,14.8436,1.893834,1.921562,False
0.17,7.0,14.0,14.0,2.0,2.0,6.5844,13.6795,13.8662,2.077582,2.105935,6.5780,13.6756,13.8630,2.078997,2.107475,False
0.18,6.5,13.0,13.0,2.0,2.0,6.3191,12.8336,12.9957,2.03091,2.056564,6.2819,12.8296,12.9955,2.042308,2.068725,False
0.19,6.5,12.5,12.5,1.923077,1.923077,6.0737,12.0704,12.2209,1.987314,2.012094,6.0565,12.0682,12.2164,1.992597,2.017079,False
0.2,6.0,11.5,12.0,1.916667,2.0,5.8832,11.3884,11.5164,1.935762,1.957519,5.8494,11.3849,11.5158,1.946327,1.968703,False
0.21,6.0,11.0,11.0,1.833333,1.833333,5.6927,10.7743,10.8878,1.892659,1.912601,5.6545,10.7692,10.8843,1.904537,1.924898,False
0.22,5.5,10.5,10.5,1.909091,1.909091,5.4598,10.2127,10.3147,1.870532,1.889224,5.4500,10.2074,10.3098,1.872914,1.891702,False
0.23,5.5,10.0,10.0,1.818182,1.818182,5.2071,9.6972,9.7884,1.862306,1.879827,5.1791,9.6919,9.7831,1.871342,1.888956,False
0.24,5.0,9.5,9.5,1.9,1.9,4.8693,9.2245,9.3044,1.894398,1.910808,4.8561,9.2188,9.2990,1.89837,1.914894,False
0.25,4.5,9.0,9.0,2.0,2.0,4.4422,8.7903,8.8585,1.978805,1.994171,4.4330,8.7844,8.8537,1.981583,1.99723,False
0.26,4.5,8.5,8.5,1.888889,1.888889,4.1205,8.3877,8.4451,2.03561,2.049538,4.1053,8.3833,8.4427,2.042043,2.056512,False
0.27,4.0,8.5,8.5,2.125,2.125,3.9353,8.0112,8.0637,2.035724,2.049072,3.9090,8.0106,8.0610,2.049275,2.062159,False
0.28,4.0,8.0,8.0,2.0,2.0,3.8243,7.6665,7.7100,2.004657,2.016029,3.7760,7.6607,7.7037,2.028792,2.0402,False
0.29,4.0,7.5,7.5,1.875,1.875,3.6956,7.3378,7.3736,1.985574,1.995249,3.6499,7.3318,7.3685,2.008758,2.018812,False
0.3,4.0,7.5,7.5,1.875,1.875,3.5441,7.0241,7.0558,1.981913,1.990844,3.5303,7.0229,7.0532,1.989319,1.997896,False
0.31,3.5,7.0,7.0,2.0,2.0,3.4529,6.7370,6.7615,1.951134,1.958221,3.4250,6.7300,6.7546,1.964965,1.972155,False
0.32,3.5,6.5,6.5,1.857143,1.857143,3.3809,6.4566,6.4746,1.909724,1.91506,3.3266,6.4542,6.4732,1.9402,1.945914,False
0.33,3.5,6.5,6.5,1.857143,1.857143,3.2974,6.1991,6.2125,1.879976,1.884056,3.2317,6.1920,6.2055,1.916028,1.9202,False
0.34,3.5,6.0,6.0,1.714286,1.714286,3.1995,5.9458,5.9536,1.858315,1.860767,3.1403,5.9427,5.9510,1.892404,1.895048,False
0.35,3.5,6.0,6.0,1.714286,1.714286,3.0837,5.7112,5.7143,1.85207,1.853076,3.0527,5.7037,5.7070,1.868416,1.869485,False
0.36,3.0,5.5,5.5,1.833333,1.833333,2.9755,5.4759,5.4745,1.840327,1.839844,2.9608,5.4744,5.4729,1.848987,1.848488,False
0.37,3.0,5.5,5.5,1.833333,1.833333,2.9043,5.2593,5.2529,1.810864,1.808666,2.8588,5.2513,5.2451,1.836923,1.834762,False
0.38,3.0,5.5,5.5,1.833333,1.833333,2.8233,5.0387,5.0276,1.784674,1.780754,2.7611,5.0364,5.0260,1.824058,1.820282,False
0.39,3.0,5.0,5.0,1.666667,1.666667,2.7302,4.8310,4.8162,1.769442,1.764019,2.6680,4.8237,4.8089,1.807984,1.802409,False
0.4,3.0,5.0,5.0,1.666667,1.666667,2.6223,4.6236,4.6042,1.76317,1.755775,2.5799,4.6176,4.5990,1.789824,1.782625,False
0.41,2.5,4.5,4.5,1.8,1.8,2.4980,4.4182,4.3962,1.768704,1.7599,2.4968,4.4137,4.3909,1.767775,1.758661,False
0.42,2.5,4.5,4.5,1.8,1.8,2.4274,4.2194,4.1934,1.738249,1.727523,2.3918,4.2114,4.1859,1.760785,1.750105,False
0.43,2.5,4.5,4.0,1.8,1.6,2.3499,4.0163,3.9871,1.709154,1.696751,2.2930,4.0153,3.9863,1.751113,1.738491,False
0.44,2.5,4.0,4.0,1.6,1.6,2.2638,3.8213,3.7899,1.688007,1.674121,2.2004,3.8139,3.7822,1.733281,1.718873,False
0.45,2.5,4.0,4.0,1.6,1.6,2.1673,3.6238,3.5887,1.672065,1.655861,2.1143,3.6178,3.5841,1.71116,1.695212,False
0.46,2.5,3.5,3.5,1.4,1.4,2.0579,3.4252,3.3885,1.664453,1.646595,2.0352,3.4212,3.3831,1.681008,1.662288,False
0.47,2.0,3.5,3.5,1.75,1.75,1.9767,3.2287,3.1881,1.633404,1.612847,1.9587,3.2208,3.1808,1.644364,1.623927,False
0.48,2.0,3.5,3.0,1.75,1.5,1.9297,3.0262,2.9825,1.568203,1.545565,1.8828,3.0246,2.9814,1.606479,1.583541,False
0.49,2.0,3.0,3.0,1.5,1.5,1.8794,2.8260,2.7763,1.503623,1.477176,1.8112,2.8189,2.7689,1.556331,1.5287,False
0.5,2.0,3.0,3.0,1.5,1.5,1.8251,2.6142,2.5575,1.432372,1.401295,1.7441,2.6089,2.5546,1.495833,1.464663,False
