gamma,first_tau_mean_edge_coherence_below_1e_3,first_tau_min_edge_coherence_below_1e_3,last_tau_valid_Q,tail_mean_ring_population_tau_gt20,tail_mean_ring_C_tau_gt20,Q_winding_tau10,Q_winding_tau20,Q_winding_tau100
0.01,,,100.0,0.9382735073355077,0.19592265924498445,1.021572121716373,-1.052496231630129,-1.6077140403571104
0.02,,,100.0,0.9018554916080781,0.20446935735416982,1.0484192417821303,-1.1220795776476422,-2.4432164796612694
0.03,86.0,42.5,82.5,0.8793566728657052,0.21018416136576423,1.0818708724013544,-1.2221310515795398,0.0
0.04,64.0,14.0,61.5,0.8650738026249757,0.21388156443232428,1.1235898704643283,-1.3716650786893338,0.0
0.05,51.0,15.0,48.5,0.8557549565391215,0.21631353532106495,1.1758111136321745,-1.5956413984372069,0.0
0.06,42.0,19.0,40.0,0.8495114077768902,0.21795021503123135,1.2416948320224748,-1.943009666250369,0.0
0.07,36.0,14.5,34.0,0.8452232543635848,0.21907760402023008,1.3248376195821805,-2.2354603976255367,0.0
0.08,31.0,12.5,29.5,0.8422111197682618,0.2198712429968471,1.4270277575913226,-2.365337630750723,0.0
0.09,27.5,11.5,26.0,0.840052728783788,0.22044093005550133,1.5583923771738952,-2.427461097734186,0.0
0.1,24.5,10.0,23.5,0.8384789992284297,0.22085690609733813,0.0,-1.460250346501018,0.0
0.11,22.5,10.5,21.0,0.8373142035591968,0.2211651718069124,2.063020161689076,-0.47818538640748776,0.0
0.12,20.5,8.5,19.0,0.8364408556486798,0.22139655038287587,0.0,0.0,0.0
0.13,18.5,8.0,17.5,0.8357786756616186,0.22157214349133225,1.3927836358627868,0.0,0.0
0.14,17.0,7.5,16.0,0.8352717088304183,0.22170668332157878,1.4415993698077618,0.0,0.0
0.15,16.0,15.5,15.0,0.8348802575570365,0.22181063724535727,1.466810999400123,0.0,0.0
0.16,15.0,14.5,14.0,0.8345757135501278,0.2218915586698718,0.48108272744068775,0.0,0.0
0.17,14.0,6.5,13.0,0.8343371748097566,0.2219549729080749,0.4894586061054101,0.0,0.0
0.18,13.0,12.5,12.0,0.8341491849830269,0.22200497010763748,0.49440644415319174,0.0,0.0
0.19,12.5,12.0,11.5,0.8340001935987547,0.2220446097183657,0.49729283868473084,0.0,0.0
0.2,11.5,11.5,11.0,0.833881488832878,0.22207620123525534,0.49892773141522845,0.0,0.0
0.21,11.0,11.0,10.5,0.8337864460224328,0.22210150214737734,0.4998075032172603,0.0,0.0
0.22,10.5,10.0,9.5,0.8337099909649925,0.22212185948762828,0.0,0.0,0.0
0.23,10.0,9.5,9.0,0.8336482117379734,0.22213831233094358,0.0,0.0,0.0
0.24,9.5,9.0,8.5,0.8335980747589637,0.22215166684817053,0.0,0.0,0.0
0.25,9.0,9.0,8.5,0.8335572150021109,0.2221625518123919,0.0,0.0,0.0
0.26,8.5,8.5,8.0,0.8335237796127158,0.22217146001328097,0.0,0.0,0.0
0.27,8.5,8.0,7.5,0.8334963103943928,0.22217877940187428,0.0,0.0,0.0
0.28,8.0,7.5,7.0,0.8334736548729816,0.22218481667831996,0.0,0.0,0.0
0.29,7.5,7.5,7.0,0.8334548985538394,0.2221898152700535,0.0,0.0,0.0
0.3,7.5,7.0,6.5,0.8334393130215061,0.22219396911329584,0.0,0.0,0.0
0.31,7.0,7.0,6.5,0.8334263159663674,0.22219743327273428,0.0,0.0,0.0
0.32,6.5,6.5,6.0,0.8334154402484648,0.22220033216388946,0.0,0.0,0.0
0.33,6.5,6.0,5.5,0.8334063098487752,0.22220276594734129,0.0,0.0,0.0
0.34,6.0,6.0,5.5,0.8333986210974533,0.22220481552155605,0.0,0.0,0.0
0.35,6.0,5.5,5.0,0.8333921279646725,0.2222065464363089,0.0,0.0,0.0
0.36,5.5,5.5,5.0,0.8333866304930615,0.22220801197106477,0.0,0.0,0.0
0.37,5.5,5.5,5.0,0.8333819656694634,0.22220925556474708,0.0,0.0,0.0
0.38,5.5,5.0,4.5,0.8333780001979143,0.22221031273981487,0.0,0.0,0.0
0.39,5.0,5.0,4.5,0.8333746247596956,0.22221121263069282,0.0,0.0,0.0
0.4,5.0,4.5,4.0,0.8333717494404178,0.22221197920162833,0.0,0.0,0.0
0.41,4.5,4.5,4.0,0.8333693000758029,0.22221263222000892,0.0,0.0,0.0
0.42,4.5,4.5,4.0,0.8333672153228893,0.22221318803654994,0.0,0.0,0.0
0.43,4.5,2.5,3.5,0.8333654443056309,0.22221366021253663,0.0,0.0,0.0
0.44,4.0,2.5,3.5,0.8333639447165844,0.22221406002560293,0.0,0.0,0.0
0.45,4.0,2.5,3.0,0.8333626812817041,0.22221439687879804,0.0,0.0,0.0
0.46,3.5,2.5,2.0,0.8333616245149249,0.22221467863245986,0.0,0.0,0.0
0.47,3.5,2.5,2.0,0.8333607497046691,0.22221491187430278,0.0,0.0,0.0
0.48,3.5,2.0,1.5,0.8333600360863589,0.2222151021399489,0.0,0.0,0.0
0.49,3.0,2.0,1.5,0.8333594661645106,0.2222152540936031,0.0,0.0,0.0
0.5,3.0,2.0,1.5,0.833359025155411,0.22221537167659763,0.0,0.0,0.0
