tau,gamma,Q_winding,Q_wrapped,ring_population,center_population,mean_ring_C,C0,C1,C2,C3,C4,C5,mean_edge_coherence,min_edge_coherence,phase_1,phase_2,phase_3,phase_4,phase_5
0.0,0.1,1.0,0.0,0.9999999999999998,0.0,0.18000000000000016,0.5,0.18000000000000016,0.18000000000000016,0.18000000000000016,0.18000000000000016,0.18000000000000016,0.19999999999999996,0.19999999999999996,1.2566370614359172,1.2566370614359172,1.2566370614359172,1.2566370614359172,1.2566370614359175
0.5,0.1,1.0,0.0,0.9999827503010519,1.7249698947241268e-05,0.18004293447040828,0.4999655011972097,0.18870495150094202,0.17240910612718618,0.1817859824891932,0.17866477958930393,0.1786498526454161,0.16196457089259342,0.15951791981536695,1.1151761817425063,1.2858119580674285,1.2573026045334466,1.2814589100280285,1.3434356528081766
1.0,0.1,1.003691090748926,0.0,0.9960174126119173,0.003982587388081181,0.1813430763210858,0.4920665472284449,0.20182738972010839,0.15362008834124397,0.19177285812080425,0.17436521615918976,0.1851298292640826,0.13061770008272144,0.1225478188536255,1.0285363161070304,1.3498729551613144,1.2694114902814706,1.321192474356393,1.3373638784344972
1.5,0.1,1.0146796077715057,7.067899292141149e-17,0.9865278034818065,0.013472196518191641,0.18413195256327686,0.47341860712166617,0.20152297259302676,0.1418063578617944,0.20759053629987867,0.17036278614055855,0.1993771099211259,0.10457256333019471,0.09440186151645612,1.0533261479549934,1.4051526982240756,1.3033967404004585,1.3164728773280652,1.2970715391370773
2.0,0.1,1.0289091250547024,7.067899292141149e-17,0.9765282196427733,0.023471780357224102,0.18660413427977823,0.45415828823182736,0.1886600898603037,0.14802411559121798,0.21950156152624556,0.16842349255147737,0.2084114118696465,0.08366388343087058,0.07720843195405962,1.1049905096682957,1.4397391266349513,1.3473213804222035,1.2358520649170286,1.336923615324231
2.5,0.1,1.039972774437162,1.4135798584282297e-16,0.9703011041915481,0.0296988958084486,0.18784810719611503,0.4423662572075848,0.18037198582428715,0.16484264682693506,0.2222699109878703,0.16699458026466552,0.20476141207681708,0.06746038641704447,0.060578063586592366,1.0842498739124504,1.4771519210100013,1.3710475417868848,1.1226601609449551,1.4792321585560746
3.0,0.1,1.04773351501436,0.0,0.9671284675723569,0.03287153242763937,0.188412980439813,0.436418010433004,0.18527552273602432,0.1771153323050998,0.21812238233023962,0.16444184067036116,0.19710982415734013,0.05475611181567043,0.047156881711248586,0.9788217360611546,1.5509998816898747,1.350946847589707,1.0678257819462547,1.6345095800908593
3.5,0.1,1.0586407782869145,0.0,0.9635943883078809,0.0364056116921148,0.18924885944567432,0.4298395137411246,0.19681430907660924,0.17774814771980108,0.21244648076379558,0.1623724859365625,0.19686287373160316,0.04415943997124516,0.04004716531459662,0.8679278197968239,1.6463111711134535,1.3072596913823857,1.0860593481291807,1.744078153291659
4.0,0.1,1.0809919770918504,0.0,0.9579822562417375,0.042017743758257606,0.19070654532412512,0.4194954940645539,0.20392731393173946,0.17180999468317237,0.2096815976470452,0.16392863959046722,0.20418518076820136,0.03500357755280957,0.02880828014558144,0.8613940348318335,1.705119247030304,1.2916484860397515,1.1180441233394558,1.8158670164011812
4.5,0.1,1.113529326129291,0.0,0.951521828728451,0.048478171271543434,0.19231297295904728,0.4077439236365794,0.20163932857505462,0.16863354955160825,0.2104237792039254,0.1696147201694398,0.21125348729520832,0.027555168205315523,0.021880037228373325,0.933037838043105,1.7190081842935625,1.3403481166103361,1.0986126754556944,1.9055042866464482
5.0,0.1,1.1412811452154383,-7.067899292141149e-17,0.9461553696238868,0.05384463037610697,0.19352768371777407,0.39810922768846524,0.19431226854324435,0.1723659840007037,0.21216271214993565,0.17651834758981455,0.2122791063051721,0.02205620548478938,0.01938690523402949,0.938834682136679,1.738294625066021,1.4553462219537447,1.0153033848397446,2.0231020089825447
5.5,0.1,1.165585248772861,7.067899292141149e-17,0.9422635713597749,0.057736428640218426,0.19436674749941404,0.3911941331038171,0.19026763358435184,0.17932794900769977,0.21290959626473938,0.18114403528179768,0.2081845233584816,0.018011016157994632,0.014869997743771221,0.827921564567273,1.8422692258848519,1.5850911879981646,0.9570413841309084,2.111264746773705
6.0,0.1,1.1978210687437922,0.0,0.938769245616199,0.06123075438379381,0.1951663058837418,0.3850369017972295,0.19285584303944714,0.18404465558854177,0.2124841921511944,0.18235696065611728,0.20408987798340839,0.014730851712668264,0.01157916940738849,0.6668633302432839,2.062805120794053,1.6405503244264317,0.9804115874656524,2.175501376831724
6.5,0.1,1.2379535450070862,0.0,0.9347375113291466,0.06526248867084569,0.19615680953752723,0.3779934075133331,0.19827546814456776,0.1856933746038667,0.2112762459422941,0.1819546385429922,0.2035843204539154,0.011820262895667476,0.009585946537466269,0.6013017082493887,2.2868846614533562,1.6067744693813615,1.0192176736389715,2.2641130122363284
7.0,0.1,1.2914244357167433,7.067899292141149e-17,0.9302946716350462,0.06970532836494547,0.1972629484430306,0.37030700887503887,0.20142573062808067,0.18684546966968707,0.2097846893552402,0.18262188649897504,0.20563696606317006,0.009346564669111306,0.007945284220525815,0.7204508587701187,2.412381412699864,1.57915491378482,0.9806792548229121,2.4215925997504137
7.5,0.1,1.3382786674756282,-1.4135798584282297e-16,0.9261310862849874,0.07386891371500372,0.1982778647353681,0.3631754053968619,0.2010917324052066,0.18913119518406618,0.20859761974833013,0.1853715601105208,0.20719721622871679,0.0076032681285989265,0.006048758458049621,0.8687882961224123,2.4588766253865897,1.654678873695959,0.8155066010328501,2.6108024641569307
8.0,0.1,1.3651502057809373,-1.0601848938211722e-16,0.9225752467171202,0.07742475328287046,0.1991351221392766,0.35713967827608584,0.19942288028921573,0.192021538981489,0.20793715868896578,0.18913288528547212,0.20716114745124026,0.006417842354560317,0.004274772406578466,0.8353877066054289,2.4952183328742246,1.8530880542712738,0.6587890789976183,2.735008542307429
8.5,0.1,1.4062628301825355,-1.4135798584282297e-16,0.919350219027477,0.08064978097251307,0.19992529237390175,0.3517092123968024,0.19895392624310304,0.1940657545080422,0.2076881998645861,0.19238200289517837,0.20653657835859907,0.00541422971367729,0.0030499835818344964,0.6240847174523255,2.575151887375056,2.0957391321593692,0.7502799868595401,2.7905542287893983
9.0,0.1,1.4905105444489015,0.0,0.9160559426120629,0.08394405738792642,0.200748923161143,0.3462050947656421,0.20036513684294277,0.19477090781423279,0.2077120971226456,0.19450594849984482,0.2063905255260492,0.004500873150551133,0.00211337599480321,0.40700974678220775,2.7015183202476085,2.3082802454052795,1.1233160330892438,2.8250296075532453
9.5,0.1,1.6288514224742,0.0,0.912635600066795,0.08736439993319381,0.20161265176957385,0.34053627688498644,0.20227038287670696,0.19531256200709213,0.20779963040812288,0.1958290507086733,0.20685163284727404,0.003718210311803772,0.0014461336401465244,0.4316070743883717,2.84867999938018,2.499381711734935,1.5744740664508465,2.8802324733141274
10.0,0.1,0.0,0.0,0.9093275575546067,0.09067244244538158,0.20244693214314888,0.33509809874725893,0.20323314795308134,0.19696322110322328,0.20774855484737675,0.19697229091638557,0.20731744589567747,0.003154383851635456,0.0007599137678073974,0.75803360301189,2.9780260802102814,2.684454873015044,1.9263325342699595,2.949552962178748
10.5,0.1,0.0,0.0,0.9063147485848608,0.09368525141512682,0.20320494042921097,0.3301833498351774,0.20337557330477773,0.1994938981549812,0.2076103949480037,0.19825356670330274,0.2072912690349895,0.0028002883244925467,0.00017785622866774788,1.0685356198086253,3.0528350777873134,2.8345581086836193,2.319291106256194,3.0006104079825393
11.0,0.1,0.0,0.0,0.9035422337874777,0.09645776621250961,0.20390569711859396,0.32569266890039517,0.20363807572004844,0.2017155436830469,0.20756216209981249,0.19956947696266258,0.20704322712739942,0.002530563101948787,8.952336315991492e-05,1.2244707269349393,3.0724193088759604,2.9104253296206184,-2.6588982820256732,3.045184892329683
11.5,0.1,0.0,0.0,0.9008427878926595,0.09915721210732727,0.2045924489710474,0.3213498812111404,0.20446045046941064,0.20291336849805697,0.2076537527603104,0.2007811371635615,0.2071535359638974,0.002304851737323689,0.0002010986337668878,1.8564392750785301,3.0673667780849407,2.9281113937601626,-3.129417391462478,3.0985050048994354
12.0,0.1,0.0,0.0,0.8981416490075871,0.10185835099239904,0.20528266307137627,0.3170335453489834,0.20555520459460563,0.20334844635627047,0.20784129300197018,0.20196179466489572,0.20770657673913928,0.002284943444915654,0.0004069634123465677,-2.881790184297263,3.0704001271266588,2.954522256792617,-3.0662405171190454,-3.130117584351421
12.5,0.1,0.0,0.0,0.8955020457560872,0.10449795424389834,0.2059586250001769,0.3128437363945231,0.20637961836464647,0.20377998516810758,0.20808606813206065,0.2032006493356988,0.20834680400037087,0.0022761805998653775,0.0006448865149409365,3.0845393616361547,3.0994463914381787,3.0301057305314116,-2.9430042862120875,-3.0901295889741887
13.0,0.1,0.0,0.0,0.8930124324149701,0.10698756758501479,0.20659666987598352,0.30891754406548655,0.20671956783013212,0.20469196003365808,0.2083600291806913,0.20442063242500552,0.20879115991043062,0.0022524978663077413,0.0008226222463711271,2.8209964725497505,-3.13581173634056,3.122690957721971,-2.8563189634705792,-3.0804945186405646
13.5,0.1,0.0,0.0,0.8906821697192171,0.10931783028076705,0.20719477437388428,0.3052651154730551,0.20691232812951132,0.20590976939597683,0.20865995246517266,0.20546652497064288,0.20902529690811766,0.002194782973751957,0.0009135491650913701,2.8825009867803204,-3.0970353793359804,-3.0952932798709036,-2.8434289038102563,-3.0965045239247644
14.0,0.1,-1.4376480859982748,0.0,0.8884532442835293,0.11154675571645452,0.2077682412972625,0.3017918459888236,0.20739261058271452,0.2069739017257899,0.20899637382452552,0.20625726568588898,0.2092210546673936,0.002126716823100782,0.001040714045856,3.133846634903194,-3.083506362228453,-3.0683403137308614,-2.905833667856147,-3.1091756219269455
14.5,0.1,-2.424998987028398,0.0,0.8862787003890906,0.11372129961089252,0.20832893130355265,0.2984224687485957,0.20818031292343187,0.2077125493947476,0.20934754346651818,0.20686118099891004,0.2095430697341556,0.002075058402430991,0.0012523980080210663,-3.0131235777129746,-3.0862901389514454,-3.0695629082717955,-2.969382150467858,-3.098359229818138
15.0,0.1,-2.4269487161214824,0.0,0.8841634624008492,0.11583653759913351,0.208875233488741,0.29516313168764396,0.20897263834350177,0.20829170108156103,0.20968259261235134,0.20745192916060673,0.20997730624568423,0.002025567798503012,0.0014094997858309479,-3.0356047921609224,-3.094705811610511,-3.081450680383556,-2.966315885410897,-3.070891344846972
15.5,0.1,-2.431392325134925,0.0,0.8821376725836361,0.11786232741634603,0.20939904902759593,0.29205840161530383,0.20953213149625527,0.2089001541103055,0.21001177541770732,0.2081480687369981,0.2104031153767134,0.0019696084372659954,0.0014604573356311549,-3.112801379591764,-3.105033800323708,-3.087728429217373,-2.925924414878837,-3.0454005092652903
16.0,0.1,-1.434661190934099,0.0,0.8802129931522151,0.11978700684776625,0.20989729117680897,0.2891238403235612,0.2098682719498728,0.20956193700470038,0.2103650911420225,0.20891242279063227,0.21077873299681693,0.0019049942553229077,0.0014354974397523834,3.127463068806508,-3.114011917614668,-3.0857286018257466,-2.908267825411622,-3.0336968396123676
16.5,0.1,-2.4356557011509885,0.0,0.8783729216687715,0.12162707833120948,0.2103742759241832,0.28633213570435334,0.2101684859104782,0.2101786014123359,0.2107478372998668,0.2096303152276765,0.21114613977055863,0.0018353377377825861,0.0013955795279927377,-3.1301179419896523,-3.118650946436211,-3.0819416539794604,-2.9342104960346496,-3.038755076380113
17.0,0.1,-2.4363447479149687,0.0,0.8765962928472653,0.12340370715271516,0.21083540980472243,0.28364953557263584,0.21059639953562392,0.2106786303513941,0.2111392056657222,0.21023221295067218,0.21153060052019979,0.0017700423522061554,0.0013913490308851036,-3.0799219835876137,-3.117011859746922,-3.0785489932848007,-2.9786753669809913,-3.053847319723158
17.5,0.1,-2.439590972624715,0.0,0.874878502848206,0.12512149715177392,0.21128178374063394,0.28106778379545494,0.2111362025245378,0.2111118950119737,0.21151422843979795,0.21072768667507824,0.2119189060517821,0.0017104373078115505,0.0014124129081979732,-3.0710177550854456,-3.110445210467706,-3.074558882697095,-3.006781467193156,-3.065598839280164
18.0,0.1,-2.444579067265293,0.0,0.873228257800714,0.12677174219926535,0.2117110610657753,0.2785986648419434,0.211655395625435,0.21157677588312107,0.21186420116500893,0.2111729324071604,0.21228600024815103,0.0016518018602235123,0.0014237974965751064,-3.1057197340468927,-3.1071087058080877,-3.0721261349322035,-3.007464393620253,-3.067324309272631
18.5,0.1,-2.4492449987616394,0.0,0.8716510050795421,0.1283489949204367,0.21212175620036833,0.2762489391532992,0.21207505576050978,0.21209205098997042,0.2122036722050369,0.21161880324245952,0.21261919880386493,0.0015919271821834829,0.001413299945565373,-3.1407485008723413,-3.114737231854344,-3.0748669152049155,-2.9959597642230835,-3.0627477777475334
19.0,0.1,-1.453040920586534,-1.4135798584282297e-16,0.8701411831026451,0.12985881689733336,0.2125152724630442,0.2740089908572836,0.21242202143010824,0.21259169588333582,0.2125518001851967,0.21207386822472896,0.21293697659185118,0.00153140502159613,0.0013863036945811332,3.136197704469176,-3.1307203785433653,-3.083087478711657,-2.9946345734081024,-3.0574806367660625
19.5,0.1,-1.4565438109784945,-7.067899292141149e-17,0.8686887709854612,0.1313112290145167,0.21289417983863598,0.27186281970157244,0.21276199026388998,0.21301501392964117,0.21290900107088961,0.212517093058594,0.21326780087016517,0.0014726650909720202,0.001353643480053247,-3.1306738689747418,3.1380096361746483,-3.0935490790450744,-3.0091610259667405,-3.0563603345915284
20.0,0.1,-1.460250346501018,7.067899292141149e-17,0.8672886585043822,0.13271134149559521,0.21325976624680504,0.2698019173319306,0.21313058739686386,0.21336350434995666,0.21325941003624171,0.21293404921389136,0.21361128023707154,0.0014172435818402592,0.0013198378825655525,-3.117048186131813,3.1317691527901053,-3.101728703818992,-3.0264568721265515,-3.061558912651845
20.5,0.1,-1.4642250591528816,-7.067899292141149e-17,0.8659421323186586,0.1340578676813182,0.2136116582252286,0.2678272884118873,0.21351109198598506,0.2136859338939161,0.2135901783135914,0.21332548815035812,0.21394559878229225,0.0013642723868926704,0.0012819332649099803,-3.123030576900219,3.1325394285235344,-3.1047641787340177,-3.035843051708454,-3.068898999254389
21.0,0.1,-0.4680735103847545,1.4135798584282297e-16,0.8646513009732771,0.1353486990266991,0.21394927046985807,0.2659411426030418,0.213864820374722,0.21402540075662935,0.21390178564284001,0.21369516244903863,0.2142591831260603,0.0013124314978958968,0.001235335504672817,3.1410650485123384,3.1340273411842348,-3.1041560055404243,-3.0385569330018267,-3.073372054283783
21.5,0.1,-0.47132372481846585,0.0,0.8634144035288429,0.1365855964711326,0.21427302979855972,0.26414005738448476,0.21418021351910432,0.2143811863618883,0.2142035069499182,0.21404478030958485,0.21455546185230312,0.00126147695507639,0.0011877848072049475,3.1278666941602555,3.1310137867720376,-3.1039700064539364,-3.0405722474460832,-3.0757525297368127
22.0,0.1,-0.473977256373658,0.0,0.8622266916860202,0.13777330831395496,0.21458414703394707,0.26241635233963434,0.21447858785372786,0.21472294286584592,0.21450274870682007,0.21437483278887703,0.21484162295446452,0.001212106795453,0.0011409896300205316,3.128587476745934,3.12413607208197,-3.1063382363689205,-3.0458699246961816,-3.078602320947062
22.5,0.1,-0.4764407664627886,0.0,0.8610842337342526,0.13891576626572213,0.21488362266080055,0.26076364770294136,0.21477968218786092,0.21503149160391466,0.21479865228556827,0.21468635071104225,0.21512193651561662,0.0011650063258148492,0.0010938431532282497,3.134565460364299,3.117747186456404,-3.1105676710183188,-3.0531294325935048,-3.0821811667892534
23.0,0.1,-0.47897193810978017,-1.4135798584282297e-16,0.8599856944236022,0.1400143055763718,0.2151717817815634,0.2591794003793235,0.2150818308429483,0.21531330787886072,0.2150853202193097,0.21498400900690906,0.2153944409597892,0.0011200589249494425,0.0010478275676737404,3.1351575531396794,3.1139546580010173,-3.115233138608232,-3.057845351397131,-3.085503165218035
23.5,0.1,-0.481492241397744,0.0,0.8589309159357881,0.14106908406418542,0.21544864357758967,0.2576628048290457,0.21537110006027693,0.21558405568151628,0.21535916749725081,0.21527384764939972,0.21565504699950444,0.0010767015308037005,0.0010057827452741046,3.1287202024252894,3.111393740670988,-3.119326170823782,-3.0590373670420177,-3.0870553819017497
24.0,0.1,0.0,0.0,0.8579188572016312,0.14208114279834183,0.21571446025568433,0.25621181668108184,0.2156377747773761,0.2158510059556804,0.21562137662769998,0.21555682968698942,0.21590531423067572,0.0010345916799461312,0.0009682531168943942,3.1211383198875073,3.1083760643955505,-3.122471739690939,-3.060176193232161,-3.0865374056305064
24.5,0.1,0.0,0.0,0.8569472204652905,0.14305277953468187,0.2159698152942516,0.2548226363958328,0.21588562543347445,0.21610998180749807,0.21587471212805964,0.21582886955965086,0.21614988754257491,0.000993814565942695,0.0009329056370511795,3.1185377283104176,3.104907203189908,-3.124852038966245,-3.063705551317001,-3.086591804734668
25.0,0.1,0.0,0.0,0.8560135841065796,0.1439864158933922,0.21621532602634286,0.25349134413686536,0.2161268890282546,0.21635426615983433,0.21612016976421777,0.21608640596819018,0.2163888992112173,0.0009546611947815328,0.0008972479545053096,3.1206945319182786,3.1023007478302698,-3.1265583696506987,-3.0685972569765845,-3.0895925307142162
25.5,0.1,0.0,0.0,0.855116363666932,0.14488363633303927,0.21645139181065595,0.2522152634880903,0.21636809427442838,0.21658410804511785,0.2163568590641889,0.21632923134077342,0.21661866632877125,0.0009172341403635967,0.0008607031812959848,3.1221137298603985,3.1013465671931604,-3.127500544060002,-3.0725029325639044,-3.094262007987498
26.0,0.1,0.0,0.0,0.8542546243555642,0.14574537564440637,0.2166782433861199,0.2509926777546454,0.21660478122441007,0.2168056049076541,0.21658409024002978,0.21655988956866978,0.21683685098983574,0.0008813430132083476,0.0008246260910819395,3.119474549427723,3.1009544799511874,-3.128123743398678,-3.0740575115057425,-3.097626184488971
26.5,0.1,0.0,0.0,0.8534273096172179,0.14657269038275222,0.2168961447580929,0.24982172636657185,0.21682950439794713,0.21702242284536233,0.21680266080524868,0.21678187034650387,0.21704426539540256,0.0008467553179412624,0.0007908623932092487,3.1148295414605514,3.0993921294393503,-3.129282064286149,-3.073926768751766,-3.098301283259231
27.0,0.1,0.0,0.0,0.8526329133004896,0.14736708669948,0.21710547921904655,0.24869994308562404,0.21703989618762076,0.21723255757540927,0.21701395503377574,0.21699712503577295,0.21724386226265402,0.0008133837925551026,0.0007599969399369041,3.111890381833667,3.0964890620903143,-3.131241096995954,-3.074148161283945,-3.097215084926754
27.5,0.1,0.0,0.0,0.8518698050906872,0.1481301949092818,0.2173066639647429,0.2476247194691601,0.2172392758426429,0.2174322710159582,0.21721840121215763,0.2172051936665329,0.21743817808642296,0.0007812620018033707,0.0007310592663682089,3.111987404207704,3.0936787087749575,-3.1334432513947057,-3.075829027757058,-3.096599710853162
28.0,0.1,0.0,0.0,0.8511366455451668,0.14886335445480153,0.21750004075172624,0.24659388768946877,0.21743256938464495,0.21762050719876158,0.21741524832115378,0.21740490853295102,0.21762697032112,0.0007504326687084726,0.0007028370198123484,3.1134458528430544,3.0922806272018715,-3.135151714873324,-3.078163488416373,-3.0979343395408665
28.5,0.1,0.0,0.0,0.8504324205855436,0.14956757941442414,0.21768586669714046,0.24560576279493196,0.21762176965336488,0.21779966818073104,0.2176036791737903,0.21759589183884764,0.21780832463896838,0.0007208640128072472,0.000674953104735198,3.1136803556735693,3.0922785211833053,-3.1360048747335685,-3.0799506568636867,-3.100386266316951
29.0,0.1,0.0,0.0,0.8497561726036942,0.15024382739627304,0.217864385035982,0.24465876054881597,0.2178049874223038,0.21797302162113819,0.21778388782233793,0.2177784949095709,0.21798153340455906,0.0006924602329954965,0.0006477776455264367,3.1119310459182072,3.092512242002477,-3.136228306605912,-3.08086523459648,-3.102070790371102
29.5,0.1,0.0,0.0,0.8491067975299378,0.15089320247002885,0.21803587840733255,0.2437511121632645,0.2179797769817613,0.2181416537284342,0.21795701114175947,0.21795342831750575,0.218147521867202,0.0006651373736616669,0.0006218126668548664,3.109733636122784,3.0919150366939414,-3.136421559680704,-3.0812403468115512,-3.1023784496756917
30.0,0.1,0.0,0.0,0.848483102420119,0.1515168975798471,0.2182006535721471,0.24288094534474958,0.2181460242475186,0.21830430131600131,0.21812412158105476,0.21812146636718754,0.2183073543489733,0.0006388615048754409,0.000597207966124912,3.108704828748346,3.09055453687997,-3.1369618860210147,-3.081574735214815,-3.1021473433433315
30.5,0.1,0.0,0.0,0.8478839843945752,0.15211601560539031,0.21835899425739838,0.24204653319653802,0.21830536248693222,0.21845964225269943,0.21828548946000548,0.21828307733285834,0.2184613997544964,0.0006136201493946306,0.0005737179432443532,3.1088585619863873,3.089304763180412,-3.137726386325703,-3.0821395813286108,-3.102334424585944
31.0,0.1,0.0,0.0,0.8473085018899116,0.15269149811005334,0.21851114234092323,0.24124639097007816,0.21845922254346783,0.2186077837695617,0.21844079245302783,0.2184384513373232,0.2186094616012355,0.0005893865212423996,0.0005510690695296947,3.1091866354611444,3.0887302815244655,-3.1384326240983897,-3.082773754993595,-3.103151542882074
31.5,0.1,0.0,0.0,0.8467557971070151,0.15324420289294927,0.21865731823850715,0.2404791656546923,0.21860786657051046,0.21874979476117917,0.21858976712891942,0.21858778284130564,0.2187513798906211,0.000566114433250589,0.0005292304993808235,3.1089344377361607,3.0886411982916187,-3.1389731209311815,-3.0832590498777854,-3.1040219817637027
32.0,0.1,0.0,0.0,0.846224998953818,0.1537750010461459,0.21879774646098502,0.2397434998011927,0.2187507031804543,0.21888660162839857,0.21873257437063054,0.21873127297220973,0.21888758015323195,0.0005437526113033805,0.0005082911836287963,3.108178135058231,3.0885291671469766,-3.1393883466844468,-3.0836658676210194,-3.104304584600935
32.5,0.1,0.0,0.0,0.8457152103519934,0.15428478964797004,0.21893265889217065,0.23903801333749675,0.2188873494489998,0.21901840974352527,0.21886968992661981,0.21886905865742168,0.21901878668428676,0.0005222606917132712,0.0004882509284295979,3.1075512773289455,3.088133130020362,-3.1397383877780856,-3.0841067479654405,-3.1041218556207704
33.0,0.1,0.0,0.0,0.845225562258217,0.15477443774174568,0.21906228044936799,0.23836137767305554,0.21901827252793593,0.21914497022646984,0.21900155875015925,0.21900131193222383,0.21914528881005113,0.000501612513985816,0.0004690021705157842,3.107432639044814,3.087626320907341,-3.1400315984071345,-3.084516126816241,-3.104123294620647
33.5,0.1,0.0,0.0,0.8447552552652722,0.15524474473469002,0.21918681807243717,0.23771237206609808,0.21914428412539477,0.2192662544980839,0.21912839500056647,0.21912827309385363,0.21926688364428704,0.0004817842533309403,0.000450432690139073,3.1075409287292257,3.087321413277007,-3.140221156683301,-3.084798185940313,-3.104590182661115
34.0,0.1,0.0,0.0,0.8443035476123202,0.15569645238764154,0.2193064638885577,0.23708986579691116,0.21926576677147214,0.2193826656247393,0.21925029049655076,0.21925018629616533,0.21938341025386088,0.0004627444917701275,0.00043251896870163633,3.107433033650856,3.0872550010216595,-3.1403049962446565,-3.0849377056221807,-3.105206484605475
34.5,0.1,0.0,0.0,0.8438697183936186,0.15613028160634274,0.21942140490567974,0.23649276645626616,0.21938261568261352,0.2194946519122265,0.21936739503236713,0.21936729786329834,0.2194950640378932,0.00044445705211912145,0.00041532586842877586,3.107055786026376,3.087193954246794,-3.140387776840107,-3.0849898468400823,-3.1055322372382466
35.0,0.1,0.0,0.0,0.8434530531207145,0.15654694687924617,0.219531826785584,0.23591999939593467,0.21949466527301498,0.21960239498911927,0.21947992681040185,0.21947985012651272,0.2196022967288711,0.0004268880464248775,0.0003989016144778394,3.1066752222329863,3.0869788947567995,-3.1405689580059937,-3.085068239981725,-3.1054436100258695
35.5,0.1,0.0,0.0,0.8430528588547149,0.15694714114524516,0.21963790980126618,0.23537052793684055,0.2196020239259644,0.21970588800701973,0.21958808290387033,0.21958802930466637,0.2197055248648101,0.00041000889616352816,0.0003831966077132558,3.106532506085525,3.086685487813603,-3.1408251028074767,-3.0852436025480228,-3.105218640830219
36.0,0.1,0.0,0.0,0.8426684812222458,0.1573315187777138,0.21973982430139766,0.23484337604637662,0.21970509234643454,0.2198051570904861,0.21969199975159048,0.21969197168370758,0.21980490063476954,0.00039379543501898585,0.00036810417529931387,3.1066279570203923,3.086488431752037,-3.1410533756693084,-3.0854583048876623,-3.1052285089179645
36.5,0.1,0.0,0.0,0.8422993031547771,0.15770069684518184,0.21983773102535098,0.2343376258805483,0.21980428701023902,0.21990039010022722,0.2197917860756342,0.21979181053500785,0.2199003814056466,0.0003782245001772265,0.0003535488226295343,3.106738834416648,3.086466704409214,-3.141178302098302,-3.0856216064800095,-3.105522160674824
37.0,0.1,0.0,0.0,0.8419447312496378,0.15805526875032047,0.21993178470272542,0.233852398458831,0.21989977539670136,0.21999188469674402,0.21988758511720974,0.21988768776730505,0.21999199053566687,0.00036327103022329823,0.0003395205607216678,3.106670992529604,3.0865269633617745,-3.1412016768183184,-3.0857125905382774,-3.1058271722482163
37.5,0.1,0.0,0.0,0.8416041867429996,0.15839581325695817,0.22002213642277924,0.23338684080075,0.21999152923605103,0.2200798794663099,0.21997959956790836,0.21997975697012495,0.22007991687350192,0.0003489088615828368,0.0003260470252684392,3.1064621805760284,3.0865117490903886,-3.1411904240810498,-3.085752571748219,-3.1059208980579482
38.0,0.1,0.0,0.0,0.8412771084705601,0.15872289152939711,0.22010893282324692,0.2329401295321114,0.22007955777640054,0.22016447736127787,0.22006803965107724,0.2200681906351436,0.22016439869233528,0.00033511324919477587,0.0003131422286222849,3.1062808353865545,3.0863799855342404,-3.1412146293812606,-3.085767951819297,-3.105839269608365
38.5,0.1,0.0,0.0,0.8409629604026259,0.1590370395973308,0.2201923140731427,0.23251148073310435,0.22016401553757725,0.22024573022083205,0.22015305814288677,0.22015315897410614,0.2202456074903112,0.0003218617459620398,0.0003007781207991516,3.1062216641595777,3.086230154718184,-3.1412852309651256,-3.085787608766023,-3.105763056944487
39.0,0.1,0.0,0.0,0.8406612333605723,0.15933876663938382,0.22027241340302844,0.23210015182955235,0.22024514051951294,0.22032373306571773,0.22023475180810115,0.2202348041814861,0.22032363744032435,0.000309133660637892,0.0002889037540040705,3.1062563298679633,3.0861614149616976,-3.1413649128520307,-3.0858244716602696,-3.1058142944795946
39.5,0.1,0.0,0.0,0.840371439935256,0.15962856006469955,0.22034935843933345,0.23170543424725953,0.22032314058136881,0.2203986320522564,0.22031320881820915,0.2203132449701346,0.2203985657746983,0.00029690918706135364,0.00027748173211060033,3.106297800335104,3.0861770878943586,-3.1414243155922135,-3.085873119243752,-3.1059508103548423
40.0,0.1,0.0,0.0,0.8400931092867989,0.15990689071315609,0.2204232725707696,0.23132664596878627,0.22039812854504381,0.22047058562579736,0.2203885420776024,0.22038859276665135,0.22047051383875305,0.00028516859855722145,0.00026649868180544576,3.1062826487056463,3.0862100651124758,-3.141461914884303,-3.08592834760558,-3.106038201987186
40.5,0.1,0.0,0.0,0.8398257863610026,0.16017421363895193,0.22049427514190573,0.23096313015180936,0.22047015868248265,0.22053972618384088,0.22046089019163828,0.22046096099372403,0.22053963965784273,0.0002738922755062646,0.00025595049293650624,3.1062238191576657,3.0861989142951756,-3.141486904461715,-3.085979455382591,-3.1060198222394466
41.0,0.1,0.0,0.0,0.8395690340125374,0.16043096598741655,0.22056248087533,0.23061425772047817,0.220539310720949,0.22060615120656624,0.22053039512898942,0.22053046977691348,0.22060607754323192,0.0002630614633783955,0.0002458269101935639,3.106175765522561,3.086143814714734,-3.1415058612123175,-3.086006777344709,-3.105967239868582
41.5,0.1,0.0,0.0,0.8393224341872536,0.16067756581269985,0.2206279995466363,0.23027942868558915,0.22060571537191787,0.2206699502281998,0.22059717810318502,0.22059724125739177,0.22066991277248693,0.0002526586138370573,0.000236107877872872,3.1061602427281287,3.0860941528069867,-3.141519097250456,-3.086006020117669,-3.10596817048186
42.0,0.1,0.0,0.0,0.8390855865385463,0.16091441346140667,0.22069093634309703,0.22995806999644364,0.22066951381748856,0.2207312271195312,0.22066133821611789,0.22066138794011092,0.22073121462223666,0.0002426670875291474,0.0002267708994845371,3.1061587108536295,3.086082510692926,-3.1415243131255726,-3.0859956008945986,-3.106029343127863
42.5,0.1,0.0,0.0,0.8388581060530609,0.1611418939468916,0.22075139248540482,0.22964963207579925,0.22073082005147304,0.22079009093905955,0.22072296886507803,0.22072300992513716,0.22079007264627615,0.00023307081247691172,0.0002177997836063621,3.1061514680588864,3.0860934175941965,-3.14152628785581,-3.0859948517577958,-3.1060918403035975
43.0,0.1,0.0,0.0,0.838639621893991,0.16136037810596093,0.22080946552576403,0.2293535870330754,0.2207897182405747,0.22084664058906567,0.22078216689704178,0.22078220197017306,0.22084659993196487,0.00022385412272742106,0.0002091842221452146,3.106134687075621,3.0860966495630495,-3.1415354632208152,-3.0860094348052813,-3.1061029675553136
43.5,0.1,0.0,0.0,0.8384297776523877,0.1615702223475637,0.2208652492723672,0.22906942880375492,0.2208462838526628,0.22090096367673495,0.2208390294980127,0.22083905834425255,0.22090091099017295,0.00021500181130493674,0.00020091289151047027,3.1061181237207465,3.0860827155761092,-3.1415542606548574,-3.0860317632071412,-3.106069038526662
44.0,0.1,0.0,0.0,0.8382282315849385,0.16177176841501223,0.2209188337182443,0.22879667328221642,0.22090060556388247,0.22095314201353333,0.22089364980685144,0.22089367243710356,0.2209530987698507,0.0002064993666804562,0.0001929704209217156,3.106114762968188,3.0860637714372428,-3.1415739624719343,-3.086048162632403,-3.1060419537877504
44.5,0.1,0.0,0.0,0.8380346559501982,0.161965344049752,0.22097030521088873,0.2285348572468051,0.2209527849165942,0.22100325734696047,0.22094611548329723,0.22094613451409817,0.22100323379349351,0.0001983330653374768,0.00018534032744633883,3.106123157178144,3.086056040910153,-3.141585507087805,-3.0860522323699224,-3.1060552292598653
45.0,0.1,0.0,0.0,0.8378487358565123,0.16215126414343756,0.22101974675264832,0.22828353663975465,0.22100291710928843,0.22105139395418916,0.22099651003243292,0.2209965294531575,0.2210513832141736,0.000190489776705946,0.00017800885212179994,3.1061281567922703,3.0860617673029296,-3.141586904401916,-3.0860501365230695,-3.106091024756007
45.5,0.1,0.0,0.0,0.8376701684339909,0.16232983156595837,0.22106723821516577,0.22804228530054815,0.22105108009976615,0.2210976342188936,0.22104491573618223,0.2210449368129761,0.2210976242080107,0.00018295676513093172,0.00017096600767882173,3.1061211405298845,3.0860674962779315,-3.141582539337393,-3.086049704704973,-3.1061124039104926
46.0,0.1,0.0,0.0,0.8374986625891062,0.16250133741084227,0.22111285639896144,0.2278106944989402,0.22109734175808793,0.2211420535528721,0.22109141366736162,0.22109143351526894,0.2211420395012167,0.00017572167738901114,0.0001642032990357443,3.1061071082869014,3.086062678411847,-3.14157926366301,-3.086051620478849,-3.106105961328498
46.5,0.1,0.0,0.0,0.8373339389338562,0.1626660610660918,0.22115667504703834,0.22758837271333143,0.22114177118190903,0.2211847216648144,0.22113608032575205,0.2211360953826882,0.2211847066800281,0.0001687726295763691,0.00015771058336133516,3.106095605826611,3.0860520718063356,-3.1415809058494215,-3.0860530268133446,-3.1060880441881045
47.0,0.1,0.0,0.0,0.8371757294080284,0.1628242705919191,0.22119876494067836,0.22737494500374278,0.22118444286988348,0.22122570584000356,0.22117898631760435,0.22117899593110235,0.22122569374479806,0.00016209828679087266,0.00015147559202718493,3.1060934152832864,3.0860462190466675,-3.141585793150908,-3.086052979523218,-3.1060820596727843
47.5,0.1,0.0,0.0,0.8370237765968235,0.16297622340312362,0.22123919407674947,0.22717005198324258,0.22122543263736216,0.22126507174526955,0.22122019854142616,0.2212202048963321,0.22126506256335743,0.00015568785753464564,0.00014548615229634173,3.1061000468401905,3.086048691633226,-3.1415905468502467,-3.0860532721795266,-3.1060936732564612
48.0,0.1,0.0,0.0,0.8368778331010693,0.16312216689887712,0.22127802783140976,0.22697334886981602,0.22126481020927735,0.22130288337504322,0.22125978243290056,0.2212597882409867,0.22130287489884104,0.00014953098423348452,0.0001397320489086914,3.106107438092245,3.0860548828259406,3.141591467194323,-3.0860561405499305,-3.106107861884905
48.5,0.1,0.0,0.0,0.8367376611650905,0.1632623388348552,0.22131532905549492,0.22678450489394364,0.22130263664605954,0.22133920272620833,0.22129780261455,0.22129780913781616,0.22133919415284065,0.00014361764504203757,0.00013420490516191015,3.1061085076678743,3.086057717966764,3.1415896793896128,-3.086060748422924,-3.106109707377198
49.0,0.1,0.0,0.0,0.8366030324492194,0.16339696755072586,0.2213511581316053,0.22660320290809421,0.22133896876374215,0.2213740889376159,0.22133432225040317,0.22133432893268146,0.22137408177358386,0.0001379381591499161,0.0001288968969279264,3.1061038150506985,3.08605450145393,3.141589439314015,-3.0860631396139717,-3.106101045475235
49.5,0.1,0.0,0.0,0.8364737277461132,0.1635262722538316,0.2213855730464406,0.22642913892680538,0.22137386394238945,0.2214075983282343,0.22136940160031093,0.22136940729806898,0.22140759406319943,0.000132483238495748,0.00012379966965110574,3.106098229564114,3.08604938001216,3.1415903965050633,-3.0860610520937084,-3.1060941296973463
50.0,0.1,0.0,0.0,0.836349536576217,0.16365046342372733,0.2214186294956238,0.22626202151014674,0.2214073804339891,0.22143978511453288,0.2214030972602854,0.22140310156416176,0.22143978310514978,0.00012724400449980061,0.00011890432979626155,3.10609567827552,3.0860476897981926,3.1415917860086133,-3.0860567951238362,-3.1060962651938895
50.5,0.1,0.0,0.0,0.8362302567530364,0.1637697432469074,0.22145038099680484,0.22610157111250118,0.22143957483700127,0.2214707014225159,0.22143546294029792,0.22143546620662713,0.22147069957758192,0.00012221195868689674,0.00011420228370849943,3.106097074568737,3.0860498588090284,-3.141592521531604,-3.086054426798777,-3.1061039480849755
51.0,0.1,0.0,0.0,0.8361156940290484,0.16388430597089465,0.22148087898148816,0.22594751954533443,0.22147049994052548,0.22150039715078673,0.22146655051721797,0.22146655315335573,0.2215003941455549,0.00011737893159130596,0.0001096858210004901,3.106099951450708,3.0860527091885848,3.141592640251233,-3.086055651722149,-3.1061085801519677
51.5,0.1,0.0,0.0,0.8360056618266618,0.16399433817328085,0.22151017286439095,0.22579960955922296,0.22150020464840958,0.22152892031851512,0.22149641030210687,0.22149641245347662,0.2215289165994465,0.00011273704729304767,0.00010534791187558229,3.1061010959349518,3.086053791418049,3.141591322452043,-3.0860587064096343,-3.1061061211260794
52.0,0.1,0.0,0.0,0.835899980976953,0.1641000190229891,0.22153831011089528,0.22565759444071265,0.22152873576953747,0.2215563172091375,0.2215250908969575,0.22152509260211928,0.22155631407672471,0.00010827872623726491,0.00010118172743291034,3.1061001762929825,3.086052969977733,3.1415898885399813,-3.08606046383201,-3.106100695953084
52.5,0.1,0.0,0.0,0.835798479420776,0.16420152057916562,0.22156533631469927,0.22552123756268916,0.22155613949761976,0.22158263223968255,0.2215526390275746,0.22155264039547173,0.22158263041314763,0.00010399670055655227,9.718043737216565e-05,3.1060991419995223,3.0860517729610795,3.141589392099127,-3.0860595925849195,-3.1060985556924567
53.0,0.1,0.0,0.0,0.8357009918966656,0.16429900810327563,0.22159129527916294,0.22539031192088932,0.22158246108597845,0.22160790805015695,0.22157909942322518,0.22157910065305764,0.2216079071833965,9.988400681795863e-05,9.333733983589073e-05,3.1060992074786653,3.086051662715393,3.1415898747393496,-3.086057513459295,-3.1061009237752106
53.5,0.1,0.0,0.0,0.8356073596571267,0.16439264034281392,0.22161622909123962,0.22526459971213564,0.2216077437595223,0.22163218564038534,0.22160451492940103,0.22160451616341004,0.22163218496347925,9.593396001914727e-05,8.964609638387739e-05,3.106100014972523,3.0860524632831314,3.141590730423097,-3.086056304854977,-3.1061041946419903
54.0,0.1,0.0,0.0,0.8355174302236618,0.1644825697762783,0.22164017818520584,0.2251438919678599,0.2216320283398454,0.22165550439244464,0.22162892674432078,0.22162892791953293,0.2216555035298855,9.214013064779931e-05,8.610079820563805e-05,3.106100507716803,3.086053050396552,3.1415914109633523,-3.0860565068575805,-3.1061049022018485
54.5,0.1,0.0,0.0,0.8354310571585698,0.16456894284136978,0.22166318140203703,0.22502798821311254,0.22165535369023126,0.2216779021646289,0.22165237447884145,0.22165237541146476,0.22167790126501874,8.849633417929879e-05,8.269580132711853e-05,3.106100000891562,3.086053085481618,3.141591675949644,-3.0860571599062685,-3.1061029753745415
55.0,0.1,0.0,0.0,0.8353480998294003,0.16465190017053877,0.22168527605085195,0.22491669611846055,0.22167775737589324,0.22169941535555138,0.221674896131681,0.2216748967379718,0.22169941465316223,8.499663027170323e-05,7.942556096266416e-05,3.1060990755635762,3.086053056235312,3.1415916321885535,-3.0860572400876203,-3.106101006692872
55.5,0.1,0.0,0.0,0.8352684231665248,0.1647315768334135,0.22170649797229786,0.22480983114521869,0.22169927595802563,0.2217200788465692,0.22169652817599683,0.22169652854287358,0.22172007833802398,8.163532112819932e-05,7.628464755242306e-05,3.106098984491582,3.0860533069719,3.14159152654477,-3.086056701365463,-3.106101042064856
56.0,0.1,0.0,0.0,0.8351918974324055,0.16480810256753226,0.22172688159892182,0.22470721620875578,0.22171994472129275,0.22173992605502857,0.2217173056758721,0.2217173059545614,0.22173992558785427,7.840693987248164e-05,7.326786396033481e-05,3.106099983414402,3.0860537646915547,3.141591428390739,-3.08605625782865,-3.1061024612211905
56.5,0.1,0.0,0.0,0.8351183980127352,0.164881601987202,0.2217464600098013,0.22460868137332812,0.22173979729428028,0.22175898912322878,0.22173726235266855,0.22173726264375238,0.2217589886350766,7.530623358011945e-05,7.03703106851349e-05,3.106101088136593,3.0860541192738817,3.141591308210077,-3.0860563480728365,-3.106103266273845
57.0,0.1,0.0,0.0,0.8350478052224497,0.16495219477748707,0.2217652649812904,0.22451406356884607,0.22175886568483105,0.22177729902297938,0.2217564306380686,0.22175643095198094,0.2217772986085922,7.23281515963452e-05,6.75873484621692e-05,3.1061013533083672,3.0860541072530654,3.1415912800493655,-3.086056627517972,-3.106102631456239
57.5,0.1,0.0,0.0,0.8349800041154825,0.16501999588445354,0.22178332703683928,0.22442320631450297,0.22177718062249174,0.2217948855520795,0.22177484169901995,0.2217748419885741,0.22179488532203107,6.946784066513709e-05,6.491450420085694e-05,3.106100736209751,3.086053870451371,3.141591482080348,-3.0860565372048185,-3.106101454241428
58.0,0.1,0.0,0.0,0.8349148842948757,0.16508511570505988,0.22180067549679022,0.22433595944458617,0.22179477181268026,0.22181177731895252,0.22179252543741756,0.22179252566388818,0.22181177725101264,6.672064139019907e-05,6.23474119068567e-05,3.106099969638561,3.086053811233072,3.141591852929141,-3.0860560177453435,-3.1061009886794335
58.5,0.1,0.0,0.0,0.8348523397278568,0.16514766027207822,0.2218173385269156,0.2242521788425269,0.22181166795650364,0.22182800174335626,0.22180951053426412,0.22180951069791321,0.2218280017025407,6.408208199635537e-05,5.98818365523442e-05,3.1060998502448034,3.086054061651148,3.1415921892885423,-3.08605551059604,-3.1061015336484683
59.0,0.1,0.0,0.0,0.8347922685715541,0.16520773142838047,0.22183334318418005,0.22417172619066295,0.22182789662632119,0.22184358511273095,0.22182582453482502,0.22182582465228684,0.22184358499473622,6.15478688401139e-05,5.751372974924728e-05,3.1061004438421818,3.0860544163085892,3.141592322371739,-3.086055430984954,-3.106102304682203
59.5,0.1,0.0,0.0,0.8347345730096133,0.16526542699032062,0.22184871545965187,0.22409446873594474,0.22184348417678423,0.2218585526955894,0.22184149391489894,0.22184149399740805,0.22185855251357878,5.911387638903502e-05,5.52392457379119e-05,3.106101086638259,3.0860546607854245,3.1415922285847526,-3.086055732631246,-3.1061024134188275
60.0,0.1,0.0,0.0,0.8346791590954299,0.1653208409045036,0.22186348031969966,0.22402027906573707,0.2218584558216451,0.22187292881658305,0.22185654412450717,0.2218565441821001,0.22187292865366293,5.6776140087844685e-05,5.305471137449622e-05,3.106101227394745,3.0860547186479073,3.141592057648176,-3.0860559914763477,-3.1061018342954307
60.5,0.1,0.0,0.0,0.8346259365990757,0.1653740634008573,0.22187766174625018,0.22394903488970686,0.22187283580455697,0.22188673685923854,0.22187099962509949,0.2218709996713164,0.22188673677103932,5.4530851895476296e-05,5.095658718974692e-05,3.1061009529882955,3.086054643526315,3.1415920039598393,-3.0860558970379177,-3.106101247503992
61.0,0.1,0.0,0.0,0.8345748188587852,0.16542518114114727,0.2218912827758744,0.22388061882886823,0.22188664749814202,0.22189999926588566,0.22188488391468064,0.22188488396096429,0.22189999923969927,5.237435559257425e-05,4.8941449877539496e-05,3.1061006978272845,3.086054576926243,3.1415921149457833,-3.086055554254779,-3.106101159991725
61.5,0.1,0.0,0.0,0.8345257226389587,0.16547427736097323,0.2219043655371767,0.2238149182143261,0.22189991339748616,0.22191273757264973,0.22189821955219924,0.22189821960224032,0.22191273756130814,5.030314057562637e-05,4.7006001204937995e-05,3.1061007438060275,3.0860546083140057,3.1415922856182497,-3.086055282951769,-3.1061014710305814
62.0,0.1,0.0,0.0,0.834478567995137,0.16552143200479438,0.22191693128636153,0.22375182489624668,0.2219126550899182,0.22192497246201892,0.22191102819735775,0.22191102824554454,0.2219249724369683,4.8313835042256055e-05,4.5147082725151666e-05,3.106101003833694,3.0860547057325114,3.141592408741953,-3.086055257651773,-3.106101748601123
62.5,0.1,0.0,0.0,0.8344332781447908,0.16556672185513996,0.22192900044128389,0.22369123506143462,0.22192489326504616,0.22193672381430973,0.2219233306547339,0.22192333069090386,0.22193672378142582,4.640319977508997e-05,4.336167379513422e-05,3.1061011758041666,3.086054812115406,3.1415924567279605,-3.0860553881700743,-3.1061017118922285
63.0,0.1,0.0,0.0,0.834389779342529,0.16561022065740136,0.22194059261435214,0.22363304905758352,0.22193664777458477,0.22194801074031045,0.2219351469108395,0.22193514693038796,0.22194801071563808,4.4568123100844525e-05,4.1646875202617736e-05,3.1061011122003377,3.0860549017857384,3.1415924597809473,-3.0860554693103683,-3.1061014629319623
63.5,0.1,0.0,0.0,0.8343480007594237,0.1656519992405061,0.2219517266443622,0.2235771712237411,0.22194793770633692,0.2219588515928983,0.22194649616799667,0.22194649617607576,0.22195885157850337,4.2805616594454606e-05,3.999989559439092e-05,3.1061009704103544,3.0860549522137313,3.1415924608755548,-3.086055404585902,-3.106101294629465
64.0,0.1,0.0,0.0,0.8343078743671365,0.1656921256327928,0.22196242062707863,0.22352350972784074,0.22195878142424696,0.221969263985077,0.2219573968747801,0.2219573968798152,0.22196926397147387,4.1112810540689724e-05,3.841804826467758e-05,3.106100965718699,3.086054957289065,3.14159247484371,-3.0860552777668486,-3.1061013300430296
64.5,0.1,0.0,0.0,0.834269334827229,0.1657306651726997,0.22197269194445762,0.22347197641177152,0.2219691965726065,0.22197926482905395,0.22196786675139824,0.22196786675798985,0.22197926481123953,3.9486948900212035e-05,3.689875347502848e-05,3.1061011126263187,3.0860549443596126,3.141592484992128,-3.086055214210135,-3.106101440449538
65.0,0.1,0.0,0.0,0.8342323193852026,0.16576768061472563,0.22198255729263244,0.2234224866433201,0.22197920008322947,0.22198887037791115,0.22197792281615492,0.2219779228244052,0.22198887036146142,3.792538439337951e-05,3.5439538517497146e-05,3.1061012578235614,3.086054940538187,3.1415924857811475,-3.0860552329138304,-3.1061014628980304
65.5,0.1,0.0,0.0,0.8341967677685607,0.16580323223136706,0.2219920327088462,0.22337495917400307,0.2219888082057624,0.22199809625372158,0.22198758141500363,0.22198758142309338,0.22199809624665012,3.6425574143777434e-05,3.40380315413111e-05,3.1061012697444,3.086054955499135,3.1415924987305024,-3.086055262119398,-3.1061013761123166
66.0,0.1,0.0,0.0,0.8341626220885571,0.16583737791137004,0.22200113359742155,0.2233293160022971,0.22199803654928996,0.2220069574649033,0.2219968582493972,0.2219968582558698,0.22200695746764754,3.4985075779056605e-05,3.269195250980531e-05,3.106101166007805,3.0860549893540807,3.1415925368972863,-3.086055243649271,-3.106101279985475
66.5,0.1,0.0,0.0,0.834129826745676,0.1658701732542505,0.2220098747547528,0.22328548224228917,0.22200690011794477,0.22201546842168296,0.22200576840140385,0.22200576840609143,0.2220154684266411,3.360154368792167e-05,3.139910770790511e-05,3.106101081746816,3.0860550279587815,3.1415925843210193,-3.086055188025781,-3.1061012699413975
67.0,0.1,0.0,0.0,0.8340983283389862,0.16590167166093978,0.2220182703932824,0.22324338599790883,0.22201541333211172,0.2220236429577438,0.22201432635792084,0.22201432636109542,0.22202364295754018,3.227272520320835e-05,3.015738892279386e-05,3.1061011129624134,3.086055052120433,3.141592615399858,-3.086055149023496,-3.106101336336951
67.5,0.1,0.0,0.0,0.8340680755792877,0.1659319244206377,0.22202633416447976,0.22320295824259717,0.22202359004039707,0.2220314943593733,0.22202254603378546,0.2220225460352503,0.2220314943535926,3.0996456738556704e-05,2.8964773191742645e-05,3.1061012166777,3.0860550607338753,3.141592617485752,-3.086055157477169,-3.1061013875576533
68.0,0.1,0.0,0.0,0.8340390192057353,0.16596098079418967,0.2220340791809087,0.22316413270395952,0.22203144353628057,0.2220390353933157,0.2220304407941216,0.2220304407939111,0.22203903538691439,2.977066012834011e-05,2.78193200063832e-05,3.106101284412593,3.0860550646829576,3.1415925993516134,-3.0860551866563686,-3.106101364684647
68.5,0.1,0.0,0.0,0.8340111119056492,0.16598888809427503,0.22204151803745634,0.22312684575299735,0.2220389865844996,0.2220462783264816,0.22203802347676604,0.22203802347591606,0.22204627832361834,2.8593339297431767e-05,2.6719166266209364e-05,3.1061012691121785,3.0860550676818916,3.141592584632134,-3.086055191159085,-3.1061012972392783
69.0,0.1,0.0,0.0,0.8339843082374132,0.16601569176251077,0.22204866283175245,0.2230910362977485,0.2220462314488807,0.2220532349411144,0.2220453064135819,0.2220453064133895,0.22205323494179585,2.74625771362181e-05,2.566252119749773e-05,3.106101213914585,3.08605506868272,3.141592589851085,-3.086055162245708,-3.1061012503659597
69.5,0.1,0.0,0.0,0.8339585645564267,0.16604143544349673,0.22205552518378294,0.22305664568128036,0.2220531899140028,0.2220599165514343,0.2220523014497413,0.2220523014506499,0.22205991655308632,2.6376532432827502e-05,2.4647663220259588e-05,3.106101188440244,3.0860550696352322,3.141592609912854,-3.0860551282768247,-3.106101255549985
70.0,0.1,0.0,0.0,0.8339338389440443,0.16606616105587846,0.22206211625471947,0.2230236175839171,0.2220598733010415,0.2220663340230593,0.2220590199621486,0.22205901996358857,0.22206633402375942,2.533343683608225e-05,2.3672938587691803e-05,3.1061012164355066,3.0860550737597583,3.1415926293341676,-3.0860551168673855,-3.1061012922603917
70.5,0.1,0.0,0.0,0.8339100911393542,0.166089908860568,0.22206844676499946,0.2229918979294876,0.2220662924820438,0.2220724977931663,0.2220654728778899,0.2220654728789071,0.2220724977929902,2.433159190354596e-05,2.2736759901308078e-05,3.1061012603836597,3.0860550835422034,3.141592639405268,-3.086055129603315,-3.1061013167169818
71.0,0.1,0.0,0.0,0.8338872824736391,0.16611271752628248,0.22207452701170075,0.22296143479536812,0.22207245789655783,0.22207841788860327,0.2220716706923882,0.22207167069244949,0.2220784178885049,2.33693663061299e-05,2.1837603400231013e-05,3.106101273373066,3.0860550977220096,3.1415926408686614,-3.0860551455006657,-3.1061013072973416
71.5,0.1,0.0,0.0,0.8338653758073964,0.16613462419252467,0.22208036688524097,0.22293217832613355,0.22207837957106036,0.22208410394087164,0.22207762348688131,0.22207762348625404,0.22208410394113742,2.2445193206786744e-05,2.0974005615859997e-05,3.1061012528286436,3.086055108443684,3.141592638720946,-3.0860551448524585,-3.106101280795801
72.0,0.1,0.0,0.0,0.8338443354698423,0.16615566453007816,0.22208597588542195,0.22290408065070744,0.2220840671377433,0.222089565200006,0.22208334094493654,0.22208334094427862,0.2220895652001451,2.155756775423698e-05,2.0144560410248134e-05,3.106101232546792,3.0860551085580448,3.1415926375325736,-3.0860551295313705,-3.10610126452635
72.5,0.1,0.0,0.0,0.8338241272008294,0.1661758727990904,0.2220913631368379,0.22287709580289805,0.22208952985003827,0.22209481054956237,0.2220888323678225,0.22208883236751098,0.22209481054925528,2.0705044637094306e-05,1.9347916810466154e-05,3.1061012372461954,3.086055100903317,3.1415926382123556,-3.0860551161984424,-3.1061012665483547
73.0,0.1,0.0,0.0,0.8338047180950747,0.1661952819048447,0.22209653740367327,0.2228511796451722,0.22209477659595112,0.22209984852226317,0.2220941066891664,0.22209410668913587,0.22209984852184994,1.9886235705501665e-05,1.8582777329131167e-05,3.10610125964605,3.086055094961185,3.141592639327098,-3.086055114637621,-3.1061012761286735
73.5,0.1,0.0,0.0,0.8337860765485885,0.16621392345133038,0.22210150710391918,0.22282628979550867,0.2220998159113825,0.22210468731465338,0.22209917248942368,0.2220991724894592,0.22210468731467725,1.909980769078855e-05,1.7847896142289146e-05,3.1061012750549155,3.0860550968662093,3.141592641029871,-3.0860551205536964,-3.106101280039259
74.0,0.1,0.0,0.0,0.8337681722072114,0.16623182779270687,0.22210628032303403,0.22280238555719456,0.22210465599420703,0.22210933480013284,0.22210403801007494,0.22210403801005518,0.22210933480070016,1.8344480035213276e-05,1.714207687756177e-05,3.1061012698156496,3.0860551050050806,3.1415926445043034,-3.0860551246929964,-3.106101274807278
74.5,0.1,0.0,0.0,0.8337509759171793,0.1662490240827386,0.22211086482706727,0.22277942785144877,0.2221093047185605,0.22211379854088875,0.2221087111671849,0.22210871116711528,0.22211379854158708,1.7619022822350792e-05,1.6464170351490296e-05,3.1061012542644293,3.086055112681907,3.1415926488982366,-3.086055122488876,-3.1061012678598545
75.0,0.1,0.0,0.0,0.8337344596776456,0.1662655403222716,0.22211526807526605,0.2227573791527706,0.22211376964823182,0.2221180857996723,0.22211319956423314,0.22211319956415898,0.222118085800034,1.6922254786005975e-05,1.581307262348098e-05,3.1061012478463312,3.086055114594126,3.1415926519494652,-3.0860551169314876,-3.106101267119216
75.5,0.1,0.0,0.0,0.8337185965950917,0.16628140340482483,0.22211949723218308,0.2227362034269067,0.2221180580485962,0.22212220355190682,0.2221175105043247,0.22211751050423745,0.2221222035518502,1.6253041382473062e-05,1.5187723355815764e-05,3.10610125628645,3.0860551116723554,3.141592652493649,-3.0860551139837242,-3.1061012714832392
76.0,0.1,0.0,0.0,0.8337033608395403,0.16629663916037565,0.22212355917930648,0.2227158660713211,0.22212217689773173,0.22212615849763884,0.2221216510019306,0.22212165100178494,0.22212615849744632,1.56102929318459e-05,1.4587104254775263e-05,3.1061012686104155,3.0860551088534853,3.141592651055633,-3.086055115256364,-3.1061012742405634
76.5,0.1,0.0,0.0,0.8336887276024987,0.1663112723974169,0.2221274605262332,0.22269633385806165,0.2221261328975641,0.22212995707261907,0.22212562779430023,0.22212562779410727,0.2221299570725752,1.4992962839634793e-05,1.4010237425430461e-05,3.1061012725169315,3.086055109081986,3.1415926492848247,-3.086055117214032,-3.1061012718929475
77.0,0.1,0.0,0.0,0.8336746730565607,0.16632532694335436,0.22213120762140207,0.2226775748789187,0.22212993248507718,0.22213360545846705,0.2221294473525086,0.22212944735234608,0.22213360545861138,1.440004589719561e-05,1.3456183653103335e-05,3.1061012668115118,3.0860551112188097,3.1415926488907884,-3.086055116867006,-3.106101266688368
77.5,0.1,0.0,0.0,0.8336611743166071,0.16633882568330738,0.22213480656240478,0.22265955849278862,0.2221335818431205,0.22213710959237454,0.22213311589201545,0.22213311589194196,0.2221371095925715,1.3830576650989232e-05,1.2924040767459079e-05,3.106101259965377,3.0860551127203966,3.1415926501585307,-3.086055114811007,-3.106101263379221
78.0,0.1,0.0,0.0,0.8336482094025406,0.16635179059737334,0.22213826320588975,0.2226422552751579,0.22213708691050793,0.22214047517669022,0.22213663938271178,0.222136639382714,0.22214047517682478,1.3283627832283125e-05,1.2412942196706259e-05,3.106101259684228,3.086055112646809,3.141592651944793,-3.086055113264314,-3.106101264666944
78.5,0.1,0.0,0.0,0.8336357572034956,0.16636424279641768,0.2221415831770755,0.22262563696961535,0.2221404533914355,0.22214370768836855,0.2221400235585591,0.22214002355857554,0.22214370768843872,1.2758308844014872e-05,1.1922055652632464e-05,3.1061012650689994,3.0860551121702433,3.1415926532183005,-3.0860551135075323,-3.1061012685911242
79.0,0.1,0.0,0.0,0.8336237974434646,0.16637620255644803,0.22214477187888854,0.22260967644131235,0.2221436867645139,0.22214681238805434,0.22214327392689182,0.22214327392686917,0.2221468123881134,1.2253764306556478e-05,1.1450581828817932e-05,3.106101269355534,3.0860551127071423,-3.1415926534189778,-3.086055114846191,-3.106101270891933
79.5,0.1,0.0,0.0,0.8336123106482823,0.16638768935162984,0.22214783450074177,0.22259434763228936,0.22214679229168133,0.22214979432861792,0.22214639577739637,0.22214639577732775,0.22214979432868542,1.176917266452686e-05,1.0997753073346485e-05,3.106101268543175,3.0860551140201653,-3.1415926534794045,-3.086055115454099,-3.1061012697316883
80.0,0.1,0.0,0.0,0.8336012781139153,0.16639872188599625,0.22215077602696615,0.22257962551859367,0.22214977502693456,0.22215265836322473,0.22214939419073954,0.22214939419065916,0.2221526583632727,1.130374485171188e-05,1.0562832079176456e-05,3.1061012649392334,3.0860551146686004,3.1415926532779817,-3.0860551145784036,-3.1061012668301298
80.5,0.1,0.0,0.0,0.8335906818760066,0.1664093181239044,0.22215360124491,0.22256548606911686,0.22215263982465627,0.22215540915314524,0.22215227404682603,0.22215227404676896,0.22215540915315346,1.0856723008246654e-05,1.0145110652861069e-05,3.106101263148595,3.0860551139466854,3.1415926528391083,-3.0860551132949414,-3.1061012648966804
81.0,0.1,0.0,0.0,0.8335805046806241,0.1664194953192864,0.2221563147527193,0.22255190620607923,0.22215539134746654,0.2221580511753789,0.22215504003270448,0.2221550400326766,0.2221580511753698,1.0427379246339685e-05,9.743908582294736e-06,3.1061012648538973,3.086055112717629,3.141592652620732,-3.0860551128529563,-3.1061012651779465
81.5,0.1,0.0,0.0,0.8335707299561657,0.16642927004374428,0.22215892096680986,0.22253886376709842,0.22215803407369505,0.22216058873001432,0.22215769665016238,0.22215769665015017,0.2221605887300273,1.0015014463532698e-05,9.358572568038144e-06,3.1061012677546693,3.0860551123318194,3.141592652724368,-3.086055113354795,-3.1061012667921
82.0,0.1,0.0,0.0,0.8335613417863759,0.16643865821353357,0.22216142412904652,0.22252633746877581,0.22216057230459985,0.22216302594724613,0.2221602482230517,0.22216024822304203,0.22216302594729287,9.618957203267695e-06,8.988475172612096e-06,3.1061012686846348,3.086055113177802,3.1415926531608367,-3.0860551140983974,-3.106101267867007
82.5,0.1,0.0,0.0,0.8335523248844287,0.16644767511548025,0.22216382831363762,0.22251430687173657,0.22216301017138773,0.2221653667940442,0.2221626989043337,0.22216269890432172,0.2221653667941006,9.238562561819155e-06,8.633013781890529e-06,3.1061012671283392,3.086055114371783,-3.14159265346349,-3.0860551143734316,-3.1061012675547715
83.0,0.1,0.0,0.0,0.8335436645680361,0.16645633543187222,0.2221661374337578,0.2225027523470715,0.22216535164200035,0.2221676150805465,0.22216505268283715,0.22216505268282338,0.22216761508058158,8.873211139232643e-06,8.291609603325768e-06,3.1061012652641353,3.086055114807072,-3.1415926531620673,-3.086055114013757,-3.1061012666232544
83.5,0.1,0.0,0.0,0.8335353467355413,0.1664646532643665,0.22216835524790995,0.2224916550441185,0.222167600527591,0.2221697744662483,0.22216731338973483,0.22216731338972162,0.22216977446625408,8.522308031250044e-06,7.96370671939872e-06,3.1061012650919695,3.086055114276037,-3.1415926532467915,-3.086055113490385,-3.1061012661739964
84.0,0.1,0.0,0.0,0.8335273578429563,0.16647264215695098,0.2221704853660355,0.2224809968595305,0.22216976048869097,0.2221718484659898,0.22216948470476416,0.2221694847047504,0.22217184846598226,8.18528186023755e-06,7.648771193413908e-06,3.1061012664146532,3.0860551135059944,-3.1415926535258634,-3.086055113308629,-3.106101266450838
84.5,0.1,0.0,0.0,0.8335196848819084,0.16648031511799832,0.2221725312553838,0.2224707604075793,0.22217183504112148,0.22217384045570276,0.22217157016220357,0.22217157016218936,0.22217384045570188,7.861583844234186e-06,7.346290211403045e-06,3.1061012676153648,3.086055113260125,3.1415926534199454,-3.086055113469699,-3.106101266925481
85.0,0.1,0.0,0.0,0.8335123153584589,0.16648768464144734,0.22217449624614977,0.22246092899164527,0.22217382756170534,0.22217575367789588,0.222173573156627,0.22217357315661457,0.2221757536779061,7.550686903218668e-06,7.0557712470751715e-06,3.106101267578911,3.0860551136078738,3.141592653367547,-3.0860551136938548,-3.106101266988136
85.5,0.1,0.0,0.0,0.8335052372727583,0.16649476272714736,0.22217638353688912,0.22245148657684344,0.22217574129377726,0.22217759124690262,0.22217549694842864,0.22217549694842087,0.22217759124691616,7.2520848011241714e-06,6.7767412514646625e-06,3.106101266674217,3.0860551140495227,3.1415926534769976,-3.0860551138024004,-3.106101266584833
86.0,0.1,0.0,0.0,0.8334984390995078,0.16650156090039747,0.22217819619971974,0.22244241776374252,0.22217757935247828,0.2221793561539298,0.22217734466912709,0.2221773446691242,0.22217935615393936,6.9652913218584105e-06,6.508745877255303e-06,3.1061012660598473,3.086055114150088,-3.141592653564751,-3.0860551137761236,-3.1061012662341962
86.5,0.1,0.0,0.0,0.8334919097691917,0.16650809023071303,0.22217993718531756,0.22243370776313243,0.22217934472982326,0.22218105127192778,0.22217911932645262,0.2221791193264513,0.22218105127193288,6.689839477646366e-06,6.251348741201186e-06,3.1061012663067524,3.086055113938748,-3.1415926534926917,-3.086055113695161,-3.1061012663533716
87.0,0.1,0.0,0.0,0.8334856386500535,0.1665143613498507,0.22218160932771544,0.2224253423717959,0.22218104029955033,0.2221826793602777,0.22218082380923465,0.22218082380923265,0.2221826793602819,6.4252807484076085e-06,6.004130718905562e-06,3.1061012669377006,3.086055113751936,-3.141592653464355,-3.0860551136642895,-3.106101266786261
87.5,0.1,0.0,0.0,0.8334796155307838,0.16652038446911996,0.22218321534891272,0.22241730794924708,0.22218266882178372,0.22218424306928797,0.2221824608921017,0.22218246089209748,0.22218424306929285,6.171184351233712e-06,5.766689264759162e-06,3.1061012671904007,3.086055113789883,-3.1415926534494436,-3.086055113683858,-3.106101267048667
88.0,0.1,0.0,0.0,0.8334738306038928,0.16652616939601034,0.22218475786330188,0.22240959139539695,0.22218423294752676,0.22218574494449728,0.22218403323999492,0.2221840332399898,0.2221857449445006,5.927136538971564e-06,5.538637754297668e-06,3.106101266901397,3.086055113930278,-3.141592653472079,-3.0860551136913976,-3.106101266915617
88.5,0.1,0.0,0.0,0.8334682744497417,0.1665317255501609,0.22218623938192145,0.22240218012910629,0.22218573522298413,0.22218718743080768,0.22218554341250574,0.2221855434125013,0.22218718743080834,5.692739926671596e-06,5.319604851065628e-06,3.1061012665044236,3.0860551139678463,-3.141592653536965,-3.0860551136783867,-3.1061012665533556
89.0,0.1,0.0,0.0,0.8334629380212039,0.16653706197869822,0.22218766231654036,0.22239506206759718,0.22218717809370792,0.22218857287646054,0.22218699386803853,0.22218699386803542,0.22218857287645943,5.467612844605843e-06,5.1092339008508224e-06,3.106101266445427,3.086055113857718,3.141592653569992,-3.0860551136836833,-3.106101266340098
89.5,0.1,0.0,0.0,0.8334578126289334,0.16654218737096815,0.22218902898358164,0.22238822560667693,0.2221885639085741,0.2221899035368602,0.22218838696780785,0.22218838696780607,0.22218990353685997,5.251388716775238e-06,4.907182352945883e-06,3.106101266732334,3.086055113741717,3.1415926535290892,-3.086055113705609,-3.106101266456554
90.0,0.1,0.0,0.0,0.8334528899272162,0.16654711007268472,0.22219034160788936,0.2223816596017565,0.2221898949235941,0.22219118157824713,0.2221897249796787,0.2221897249796776,0.22219118157824935,5.043715463902482e-06,4.713121204597292e-06,3.1061012670030044,3.086055113752616,3.1415926535575953,-3.0860551137419265,-3.1061012667385803
90.5,0.1,0.0,0.0,0.833448161900381,0.16655183809951934,0.2221916023263497,0.22237535334961822,0.22219117330558502,0.22219240908122306,0.2221910100818576,0.2221910100818567,0.22219240908122617,4.844254930087115e-06,4.52673446555015e-06,3.106101266980346,3.0860551138707057,-3.1415926535488197,-3.08605511377932,-3.1061012668816703
91.0,0.1,0.0,0.0,0.8334436208497468,0.16655637915015292,0.22219281319136627,0.22236929657091298,0.2221924011356966,0.2221935880441317,0.22219224436643525,0.22219224436643414,0.2221935880441337,4.652682332219754e-06,4.347718642176532e-06,3.1061012667389476,3.0860551139586363,-3.1415926534980083,-3.0860551137849974,-3.1061012667910552
91.5,0.1,0.0,0.0,0.8334392593810875,0.16656074061881165,0.22219397617419942,0.22236347939335088,0.2221935804128008,0.2221947203863075,0.222193429842791,0.2221934298427901,0.22219472038630772,4.468685731199571e-06,4.175782242024193e-06,3.106101266569018,3.0860551139234382,-3.141592653499613,-3.086055113753287,-3.1061012666279852
92.0,0.1,0.0,0.0,0.8334350703925917,0.16656492960730696,0.22219509316817404,0.22235789233556025,0.22219471305674587,0.22219580795120053,0.22219456844086283,0.22219456844086138,0.22219580795119964,4.291965524022823e-06,4.01064529915797e-06,3.1061012666124372,3.086055113815546,-3.141592653543547,-3.0860551137241177,-3.106101266560753
92.5,0.1,0.0,0.0,0.8334310470632982,0.16656895293659973,0.22219616599175915,0.22235252629159097,0.2221958009114764,0.2221968525093767,0.22219566201428398,0.22219566201428265,0.22219685250937604,4.1222339559083655e-06,3.85203891915399e-06,3.1061012667789716,3.0860551137525514,3.141592653586875,-3.0860551137088637,-3.1061012666326446
93.0,0.1,0.0,0.0,0.8334271828419908,0.16657281715790673,0.22219719639152746,0.22234737251602943,0.22219684574803222,0.22219785576140083,0.22219671234340233,0.22219671234340121,0.22219785576140083,3.959214651707275e-06,3.6997048419920056e-06,3.106101266876152,3.0860551137772156,3.1415926535654863,-3.086055113730267,-3.106101266735816
93.5,0.1,0.0,0.0,0.8334234714365292,0.16657652856336783,0.2221981860449968,0.2223424226097095,0.22219784926743014,0.22219881934060215,0.22219772113817493,0.22219772113817426,0.2221988193406026,3.802642165872667e-06,3.5533950213894816e-06,3.1061012668431505,3.086055113838617,3.141592653583466,-3.0860551137714753,-3.106101266753672
94.0,0.1,0.0,0.0,0.8334199068036046,0.16658009319629194,0.22219913656336027,0.22233766850598669,0.22219881310343192,0.2221997448157318,0.22219869004095316,0.2221986900409525,0.22219974481573201,3.6522615502551765e-06,3.412871220343792e-06,3.106101266740155,3.086055113869273,-3.141592653579912,-3.0860551137972934,-3.106101266690517
94.5,0.1,0.0,0.0,0.833416483138899,0.16658351686099698,0.22220004949410738,0.2223331024575621,0.22219973882520594,0.22220063369351362,0.2221996206291521,0.22219962062915166,0.22220063369351362,3.507827938985933e-06,3.2779046228597224e-06,3.10610126668763,3.086055113854256,-3.1415926535777907,-3.086055113793052,-3.1061012666350507
95.0,0.1,0.0,0.0,0.8334131948676339,0.1665868051322614,0.22220092632354263,0.22232871702382528,0.2222006279398785,0.2222014874210978,0.22220051441781985,0.2222005144178194,0.22220148742109758,3.3691061497667163e-06,3.1482754615601643e-06,3.106101266729225,3.0860551138157475,-3.141592653575511,-3.0860551137780785,-3.106101266654943
95.5,0.1,0.0,0.0,0.8334100366354932,0.16658996336440157,0.2222017684792043,0.22232450505870216,0.2222014818949869,0.2222023073884163,0.2222013728621015,0.22220137286210084,0.22220230738841606,3.2358703009016336e-06,3.023772660186576e-06,3.106101266792311,3.0860551137936283,-3.141592653580499,-3.086055113765379,-3.106101266713225
96.0,0.1,0.0,0.0,0.833407003299904,0.16659299669999017,0.2222025773321871,0.22232045969898562,0.22220230208083347,0.22220309493044477,0.22220219735960667,0.222202197359606,0.22220309493044454,3.1079034434722927e-06,2.9041934900000046e-06,3.1061012668005077,3.0860551138138606,3.141592653589793,-3.0860551137570553,-3.1061012667426398
96.5,0.1,0.0,0.0,0.8334040899216637,0.1665959100782299,0.2222033541993739,0.22231657435312746,0.22220308983274895,0.22220385132937537,0.22220298925268533,0.2222029892526849,0.22220385132937492,2.984997208093461e-06,2.7893432395311586e-06,3.1061012667709536,3.0860551138246173,3.141592653583748,-3.0860551137686203,-3.106101266718619
97.0,0.1,0.0,0.0,0.8334012917568974,0.1665987082429958,0.22220410034557866,0.22231284269047802,0.22220384643326652,0.22220457781670166,0.2222037498306123,0.22220374983061175,0.2222045778167011,2.8669514656291454e-06,2.679034897317004e-06,3.1061012667379893,3.0860551138215,3.1415926535834995,-3.0860551137902226,-3.1061012666764096
97.5,0.1,0.0,0.0,0.8333986042493322,0.1666013957505603,0.22220481698560493,0.22230925863094897,0.22220457311420772,0.22220527557522463,0.22220448033168427,0.22220448033168383,0.22220527557522418,2.753574001332454e-06,2.57308884737237e-06,3.1061012667414554,3.086055113815,3.1415926535723186,-3.086055113795493,-3.106101266656985
98.0,0.1,0.0,0.0,0.8333960230228803,0.1666039769770118,0.22220550528622285,0.22230581633508972,0.22220527105868992,0.2222059457409764,0.2222051819452363,0.22220518194523575,0.22220594574097596,2.6446802018534695e-06,2.4713325768759616e-06,3.1061012667739765,3.0860551138046124,3.141592653562502,-3.0860551137897176,-3.1061012666812116
98.5,0.1,0.0,0.0,0.8333935438745114,0.16660645612538014,0.22220616636806811,0.22230251019455616,0.22220594140304772,0.22220658940507054,0.22220585581357621,0.22220585581357577,0.22220658940507043,2.540092754616801e-06,2.3736003953292323e-06,3.106101266796039,3.086055113806977,3.141592653575586,-3.0860551137917676,-3.106101266714811
99.0,0.1,0.0,0.0,0.8333911627674101,0.16660883723248096,0.222206801307466,0.22229933482295672,0.2222065852386852,0.2222072076154773,0.2222065030338456,0.22220650303384493,0.22220720761547708,2.4396413591104795e-06,2.27973316475743e-06,3.106101266776105,3.0860551138111902,3.141592653582397,-3.086055113788304,-3.1061012667308825
99.5,0.1,0.0,0.0,0.833388875824402,0.16661112417548848,0.22220741113818318,0.2222962850470631,0.22220720361385204,0.2222078013787292,0.2222071246598032,0.22220712465980275,0.22220780137872875,2.3431624495849884e-06,2.1895780405242716e-06,3.106101266761635,3.0860551138282335,3.141592653571825,-3.0860551137809598,-3.106101266724221
100.0,0.1,0.0,0.0,0.8333866793216411,0.1666133206782488,0.22220799685310988,0.2222933558983684,0.22220779753534825,0.22220837166155882,0.2222077217035423,0.22220772170354186,0.22220837166155816,2.250498928720031e-06,2.102988222381901e-06,3.1061012667496284,3.0860551138161214,-3.1415926535871206,-3.086055113783719,-3.106101266693038
