scenario,tau,gamma,Q_winding,Q_wrapped,ring_population,center_population,mean_ring_C,C0,C1,C2,C3,C4,C5,mean_edge_coherence,min_edge_coherence,phase_1,phase_2,phase_3,phase_4,phase_5
S-01,0.0,,0.0,0.0,0.9999999999999999,0.0,0.18000000000000016,0.5,0.18000000000000016,0.18000000000000016,0.18000000000000016,0.18000000000000016,0.18000000000000016,0.19999999999999998,0.19999999999999998,0.0,0.0,0.0,0.0,0.0
S-01,10.0,,2.232816261653663e-15,0.0,0.8349068222961863,0.16509317770380721,0.22180282323486272,0.22432515924106733,0.22180282323486367,0.22180282323486256,0.22180282323486278,0.22180282323486233,0.22180282323486233,0.0028044031820568397,0.002804403182056367,3.4070910227223016e-14,3.0062567847548937e-14,0.0,-3.006256784755014e-14,-2.0041711898367866e-14
S-01,20.0,,0.0,0.0,0.8334460549807372,0.16655394501925402,0.22219216413274143,0.22237254316444544,0.22219216413274223,0.22219216413274134,0.22219216413274157,0.222192164132741,0.222192164132741,2.2066468410958006e-05,2.206646841040818e-05,4.584742389857422e-12,2.037663284371961e-12,0.0,-4.075326568766564e-12,-4.075326568803089e-12
S-01,40.0,,0.0,0.0,0.8333690741057247,0.16663092589426348,0.22221269145177674,0.222269879140232,0.2222126914517777,0.22221269145177658,0.2222126914517768,0.22221269145177658,0.22221269145177625,1.4336905505917463e-06,1.4336905503212596e-06,3.141592653519228,3.141592653562351,3.141592653589793,-3.141592653534909,-3.141592653519228
S-01,80.0,,0.0,0.0,0.8333349683138715,0.1666650316861072,0.2222217862276259,0.22222440220164796,0.22222178622762678,0.22222178622762567,0.2222217862276259,0.22222178622762567,0.22222178622762534,6.583956547772958e-08,6.583956521075564e-08,3.1415926519678266,3.14159265239466,-3.1415926532483267,-3.14159265265076,-3.1415926519678266
S-01,100.0,,0.0,0.0,0.8333336829929198,0.16666631700705392,0.2222221289796756,0.2222226884352838,0.22222212897967641,0.2222221289796753,0.22222212897967575,0.2222221289796753,0.2222221289796753,1.4080556515187749e-08,1.4080556244560477e-08,3.141592647602277,3.1415926499972833,3.141592653589793,-3.1415926484006125,-3.141592646005606
S-02,0.0,,1.0,0.0,0.9999999999999998,0.0,0.18000000000000016,0.5,0.18000000000000016,0.18000000000000016,0.18000000000000016,0.18000000000000016,0.18000000000000016,0.19999999999999996,0.19999999999999996,1.2566370614359172,1.2566370614359172,1.2566370614359172,1.2566370614359172,1.2566370614359175
S-02,10.0,,0.0,0.0,0.9093275575546067,0.09067244244538158,0.20244693214314888,0.33509809874725893,0.20323314795308134,0.19696322110322328,0.20774855484737675,0.19697229091638557,0.20731744589567747,0.003154383851635456,0.0007599137678073974,0.75803360301189,2.9780260802102814,2.684454873015044,1.9263325342699595,2.949552962178748
S-02,20.0,,-1.460250346501018,7.067899292141149e-17,0.8672886585043822,0.13271134149559521,0.21325976624680504,0.2698019173319306,0.21313058739686386,0.21336350434995666,0.21325941003624171,0.21293404921389136,0.21361128023707154,0.0014172435818402592,0.0013198378825655525,-3.117048186131813,3.1317691527901053,-3.101728703818992,-3.0264568721265515,-3.061558912651845
S-02,40.0,,0.0,0.0,0.8400931092867989,0.15990689071315609,0.2204232725707696,0.23132664596878627,0.22039812854504381,0.22047058562579736,0.2203885420776024,0.22038859276665135,0.22047051383875305,0.00028516859855722145,0.00026649868180544576,3.1062826487056463,3.0862100651124758,-3.141461914884303,-3.08592834760558,-3.106038201987186
S-02,80.0,,0.0,0.0,0.8336012781139153,0.16639872188599625,0.22215077602696615,0.22257962551859367,0.22214977502693456,0.22215265836322473,0.22214939419073954,0.22214939419065916,0.2221526583632727,1.130374485171188e-05,1.0562832079176456e-05,3.1061012649392334,3.0860551146686004,3.1415926532779817,-3.0860551145784036,-3.1061012668301298
S-02,100.0,,0.0,0.0,0.8333866793216411,0.1666133206782488,0.22220799685310988,0.2222933558983684,0.22220779753534825,0.22220837166155882,0.2222077217035423,0.22220772170354186,0.22220837166155816,2.250498928720031e-06,2.102988222381901e-06,3.1061012667496284,3.0860551138161214,-3.1415926535871206,-3.086055113783719,-3.106101266693038
S-04,0.0,,1.0,0.0,0.9999999999999998,0.0,0.18000000000000016,0.5,0.18000000000000016,0.18000000000000016,0.18000000000000016,0.18000000000000016,0.18000000000000016,0.19999999999999996,0.19999999999999996,1.2566370614359172,1.2566370614359172,1.2566370614359172,1.2566370614359172,1.2566370614359175
S-04,10.0,,1.7741216863842886,0.0,0.9119416308338438,0.08805836916616046,0.20175450069937884,0.3393918144280865,0.20183717643191224,0.20142946555070185,0.20178393217843205,0.2013764577694921,0.20234547156635596,0.003554501315883913,0.003065466338331747,2.249421347053507,2.2972949331793804,2.198064347574439,2.291072728441303,2.111281956789802
S-04,20.0,,0.47732169278993525,1.4135798584282297e-16,0.8695893918052267,0.13041060819478467,0.21265911508327734,0.2731926370698978,0.21252039919149746,0.21256958660579994,0.21262260976780678,0.21279746588669068,0.2127855139645919,0.0014490906998264202,0.0014063385795035285,-3.101781206391445,3.0800487924575286,3.0872558152458414,-3.0895096179719888,3.023086863595873
S-04,40.0,,0.0,0.0,0.8410201528221672,0.15897984717785682,0.22017713122736118,0.23258948926167577,0.22015351138505368,0.22015527453990424,0.2201701465759336,0.22020501522378821,0.22020170841212616,0.0003103171359676329,0.0003034312676724312,-3.0691729140912716,3.105878339814103,3.1121612196277004,-3.0657628581405243,3.059646026083418
S-04,80.0,,0.0,0.0,0.8336788550888528,0.16632114491119562,0.22213009263937114,0.22268315666675065,0.22212902743368845,0.22212910526708862,0.22212977633479736,0.22213135087849123,0.2221312032827899,1.3948904114133521e-05,1.363924128357137e-05,-3.0691162945695916,3.105859336134842,3.112159193088386,-3.0657245514920133,3.0597213151090403
S-04,100.0,,0.0,0.0,0.8334065887574164,0.16659341124264457,0.22220268787182623,0.22231990685363257,0.22220246199646554,0.22220247850095176,0.22220262080005837,0.222202954679525,0.22220292338213032,2.957361930433825e-06,2.891709095698711e-06,-3.0691162944298687,3.105859335278297,3.1121591926824275,-3.0657245503588078,3.0597213156020655
