chi,tau_micro,tau_macro,R_tau,macro_gain,micro_gain
0.0,27.784583678168453,26.8145310533547,0.9650866597084927,1.0,1.0
0.05,27.784924153367903,26.8146683156157,0.9650797737508097,1.000005118950644,1.0000122541047725
0.1,27.78594296795304,26.815083061009755,0.9650593140544833,1.0000205861386857,1.0000489224456386
0.2,12.997532267691692,26.816783207686974,2.06322112962521,1.000083990069705,0.4677965456759539
0.35,12.99661483178775,26.821730232274298,2.0637474126472077,1.0002684805080229,0.4677635260736245
0.5,12.998054783491048,26.829869202599088,2.0641449547262996,1.0005720088564618,0.4678153516370368
0.75,23.78869880332153,26.850607136522818,1.1287127286160672,1.001345393029486,0.8561833813624258
1.0,23.757109623074076,26.879081620831908,1.1314121139856854,1.0024072980187038,0.8550464494359533
1.5,23.777726138013545,26.95799364909703,1.1337498586965042,1.0053501810438852,0.8557884621714427
2.0,23.839915913818434,29.31683788591107,1.2297374702113788,1.0933190600118032,0.8580267456931696
3.0,25.412807975694143,29.94200058482406,1.1782247996152895,1.1166333852807802,0.9146369897081482
5.0,18.996447074354055,32.525587514099406,1.7121932004859066,1.2129836411974175,0.6837045785674444
