gamma,chi,tau_micro,tau_macro,R_tau,macro_gain,micro_gain,cens_micro,cens_macro,dt
0.01,0.0,,,,,,True,True,0.5
0.01,0.1,,,,,,True,True,0.5
0.01,0.2,77.49883163496908,,,,,False,True,0.5
0.01,0.35,77.49136818184164,,,,,False,True,0.5
0.01,0.5,,,,,,True,True,0.5
0.01,0.75,,,,,,True,True,0.5
0.01,1.0,88.4923882385331,,,,,False,True,0.5
0.01,1.5,,,,,,True,True,0.5
0.01,2.0,,,,,,True,True,0.5
0.01,3.0,,,,,,True,True,0.5
0.01,5.0,,,,,,True,True,0.5
0.02,0.0,40.997315782753084,55.37685034997989,1.3507433180119575,1.0,1.0,False,False,0.5
0.02,0.1,40.99924815376067,55.37776048604776,1.3507018538087074,1.000016435316601,1.0000471340859929,False,False,0.5
0.02,0.2,64.34142367151159,55.380466125071024,0.8607280188236152,1.0000652939823822,1.5694057633543659,False,False,0.5
0.02,0.35,64.35882508261695,55.38781217200407,0.8606094362490792,1.0001979495394717,1.5698302158038278,False,False,0.5
0.02,0.5,64.38684762880305,55.399205185993985,0.860411826734805,1.0004036855811194,1.5705137372893465,False,False,0.5
0.02,0.75,49.480474451142996,55.42856312671133,1.1202108254123853,1.0009338338385918,1.2069198557618408,False,False,0.5
0.02,1.0,49.48583496562345,55.47412137509478,1.1210101115527553,1.001756528666765,1.2070506085776802,False,False,0.5
0.02,1.5,60.28802416515905,58.40449104116542,0.9687577566179032,1.0546734000227702,1.4705358878768657,False,False,0.5
0.02,2.0,65.29206421350223,61.26758081332848,0.9383618292873409,1.1063753251786508,1.592593636117259,False,False,0.5
0.02,3.0,63.163973382881295,61.72931179814214,0.9772867109540012,1.1147133036280485,1.5406855833584443,False,False,0.5
0.02,5.0,67.93077764367264,59.476669389269226,0.8755481896770121,1.0740348902723542,1.656956714035655,False,False,0.5
0.05,0.0,27.784583678168453,26.8145310533547,0.9650866597084927,1.0,1.0,False,False,0.5
0.05,0.1,27.78594296795304,26.815083061009755,0.9650593140544833,1.0000205861386857,1.0000489224456386,False,False,0.5
0.05,0.2,12.997532267691692,26.816783207686974,2.06322112962521,1.000083990069705,0.4677965456759539,False,False,0.5
0.05,0.35,12.99661483178775,26.821730232274298,2.0637474126472077,1.0002684805080229,0.4677635260736245,False,False,0.5
0.05,0.5,12.998054783491048,26.829869202599088,2.0641449547262996,1.0005720088564618,0.4678153516370368,False,False,0.5
0.05,0.75,23.78869880332153,26.850607136522818,1.1287127286160672,1.001345393029486,0.8561833813624258,False,False,0.5
0.05,1.0,23.757109623074076,26.879081620831908,1.1314121139856854,1.0024072980187038,0.8550464494359533,False,False,0.5
0.05,1.5,23.777726138013545,26.95799364909703,1.1337498586965042,1.0053501810438852,0.8557884621714427,False,False,0.5
0.05,2.0,23.839915913818434,29.31683788591107,1.2297374702113788,1.0933190600118032,0.8580267456931696,False,False,0.5
0.05,3.0,25.412807975694143,29.94200058482406,1.1782247996152895,1.1166333852807802,0.9146369897081482,False,False,0.5
0.05,5.0,18.996447074354055,32.525587514099406,1.7121932004859066,1.2129836411974175,0.6837045785674444,False,False,0.5
0.08,0.0,12.908624354560692,12.955873056464725,1.0036602429977242,1.0,1.0,False,False,0.5
0.08,0.1,12.909072150764056,12.955944134480584,1.0036309335922144,1.0000054861618008,1.000034689692028,False,False,0.5
0.08,0.2,12.910458262590105,12.956240142006891,1.0035461080068278,1.0000283335241529,1.0001420684326263,False,False,0.5
0.08,0.35,12.91446966966886,12.957652301393638,1.0033437402254464,1.0001373311486736,1.0004528224656335,False,False,0.5
0.08,0.5,12.92601098662358,12.96116780924928,1.0027198509007986,1.0004086758770698,1.0013469004585873,False,False,0.5
0.08,0.75,12.956564042815923,12.972984087797538,1.0012673147701314,1.0013207161924356,1.0037137720440594,False,False,0.5
0.08,1.0,15.250936233707243,12.992536893403026,0.851917331126678,1.0028299009089168,1.1814532528649344,False,False,0.5
0.08,1.5,15.322776604717472,15.428030670499796,1.0068691248653927,1.1908136644486118,1.1870185531662671,False,False,0.5
0.08,2.0,15.480177125014727,13.495038333598247,0.8717625273028269,1.0416155109565919,1.199211991907216,False,False,0.5
0.08,3.0,12.477666619533053,15.922552289937506,1.2760841249766752,1.2289833514532984,0.966614743508639,False,False,0.5
0.08,5.0,17.883815534364498,17.39992737506521,0.9729426777876636,1.3430146543758386,1.3854160631799657,False,False,0.5
0.1,0.0,11.470553794266328,11.393124502901406,0.9932497338181155,1.0,1.0,False,False,0.5
0.1,0.1,11.471952352991714,11.39344944716418,0.9931569707219834,1.0000285210841584,1.0001219259985585,False,False,0.5
0.1,0.2,11.476091513685635,11.394512521583291,0.992891395820166,1.0001218295017782,1.0004827769886817,False,False,0.5
0.1,0.35,11.487107572446382,11.398422865143496,0.992279631165324,1.0004650490952451,1.0014431542257645,False,False,0.5
0.1,0.5,12.788744794445241,11.40628968170989,0.8919006411531633,1.0011555371667473,1.1149195604520703,False,False,0.5
0.1,0.75,12.808452930745641,11.427109374319553,0.8921537547200344,1.002982928116821,1.116637710826837,False,False,0.5
0.1,1.0,12.835059349029525,11.462241692125843,0.8930415809095981,1.0060665701675457,1.1189572516930488,False,False,0.5
0.1,1.5,11.9623125318812,11.810357511738973,0.9872971869162216,1.0366214736555641,1.0428714032848774,False,False,0.5
0.1,2.0,11.918090196948556,11.829735903192917,0.9925865392612768,1.0383223583820507,1.0390161112278584,False,False,0.5
0.1,3.0,12.328221376253293,12.10370892789416,0.9817887397129654,1.0623695830596598,1.0747712444725797,False,False,0.5
0.1,5.0,14.338690664036253,13.493550919639821,0.9410587923124544,1.1843591208191848,1.2500434522353745,False,False,0.5
0.15,0.0,6.941755916359601,6.9134729759974825,0.9959256792225344,1.0,1.0,False,False,0.5
0.15,0.1,6.94298619974049,6.913684756850779,0.9957797060160071,1.0000306330630107,1.0001772294208717,False,False,0.5
0.15,0.2,6.946653319230418,6.914360286111595,0.9953512818857067,1.0001283450614753,1.000705499146012,False,False,0.5
0.15,0.35,6.9565753948396285,6.917397303442336,0.9943681927998144,1.0005676347413925,1.002134831396924,False,False,0.5
0.15,0.5,6.97153690480809,6.9295528762171035,0.993977794399678,1.0023258787986078,1.004290123249408,False,False,0.5
0.15,0.75,7.194690329938716,6.958909390947495,0.9672284798679821,1.0065721548500675,1.0364366619377996,False,False,0.5
0.15,1.0,7.357186022411426,6.999584992170054,0.9513943199000203,1.0124556813155325,1.0598451041865045,False,False,0.5
0.15,1.5,7.429041817568412,7.32093115456822,0.9854475630027376,1.0589368295768813,1.0701963461521928,False,False,0.5
0.15,2.0,8.15271009303462,7.4697332476888265,0.9162270168383265,1.080460323432607,1.1744449374575632,False,False,0.5
0.15,3.0,8.58892865695734,8.390637209763957,0.9769131337430823,1.2136645704546705,1.2372847389686887,False,False,0.5
0.15,5.0,9.77120224244701,9.61480275850649,0.9839938341199094,1.3907341204467871,1.4075980717528929,False,False,0.5
0.2,0.0,6.471822357111818,6.372788303378586,0.98469765573457,1.0,1.0,False,False,0.5
0.2,0.1,6.4731740621722755,6.373982931280491,0.9846765852518266,1.0001874576472705,1.0002088600375398,False,False,0.5
0.2,0.2,6.477181646322211,6.3775239183320585,0.9846140291515927,1.0007430993668756,1.0008280958460647,False,False,0.5
0.2,0.35,6.487903025392575,6.386989952800989,0.9844459647136171,1.0022284828471195,1.0024847202833196,False,False,0.5
0.2,0.5,6.505851237119738,6.401067837411196,0.9838939754554038,1.0044375448683298,1.0052580058799863,False,False,0.5
0.2,0.75,6.558053969382405,6.43411476581131,0.9811012223824734,1.00962317583972,1.0133241624247964,False,False,0.5
0.2,1.0,6.619799213425681,6.479543222351805,0.9788126517811263,1.0167516813506299,1.0228647895675402,False,False,0.5
0.2,1.5,6.764894218788079,6.62851129126546,0.9798396067829348,1.040127331352165,1.0452842870994763,False,False,0.5
0.2,2.0,6.944359739400729,6.799650389682701,0.9791615994636655,1.0669819968878944,1.0730145786170482,False,False,0.5
0.2,3.0,7.529980884621132,7.315830607458715,0.971560315963114,1.147979543519462,1.163502406141682,False,False,0.5
0.2,5.0,9.073329958380379,8.812049211037053,0.9712034337402223,1.3827619546635925,1.4019745069809884,False,False,0.5
0.3,0.0,3.483846580474915,3.4751104025314734,0.9974923758145944,1.0,1.0,False,False,0.5
0.3,0.1,3.485029263693064,3.4762760940031647,0.9974883511650563,1.0003354401261157,1.0003394762630413,False,False,0.5
0.3,0.2,3.4885233810721417,3.4797239733465504,0.9974776125126938,1.001327604099057,1.0013424243832774,False,False,0.5
0.3,0.35,3.497783077102046,3.488881155445722,0.9974549817812889,1.0039626806976312,1.0040003187009547,False,False,0.5
0.3,0.5,4.703480726765313,4.653444727803059,0.9893619211241746,1.3390782417770721,1.3500826222158548,False,False,0.5
0.3,0.75,4.708267390602005,4.657401793312457,0.9891965359930324,1.3402169294879764,1.3514565816386146,False,False,0.5
0.3,1.0,4.712025157015561,3.987319943501707,0.8462009031435523,1.1473937462813009,1.3525352073262715,False,False,0.5
0.3,1.5,3.9020903922622123,3.8933501418843197,0.9977601107357164,1.1203529358515274,1.1200523048665028,False,False,0.5
0.3,2.0,4.1797266305525165,4.1074273904799075,0.9827023998306196,1.1819559423170607,1.199744745930442,False,False,0.5
0.3,3.0,4.845066736402839,4.818806673818474,0.9945800410989052,1.3866629015032657,1.390723335395086,False,False,0.5
0.3,5.0,6.813649528558467,6.779242625991621,0.9949502975721551,1.9507992094447488,1.9557834626660386,False,False,0.5
0.4,0.0,3.4114315346639676,3.384130496627172,0.9919971901064446,1.0,1.0,False,False,0.5
0.4,0.1,3.41246813416592,3.385218987577732,0.9920148275333717,1.000321645678748,1.000303860561591,False,False,0.5
0.4,0.2,3.415541446873354,3.388438580610309,0.9920648404697723,1.001273025371637,1.0012047470886123,False,False,0.5
0.4,0.35,3.4237610891014265,3.396996313767345,0.9921826393146183,1.0038018088111542,1.003614187859899,False,False,0.5
0.4,0.5,3.435996848973522,3.4096038636285875,0.9923186817377847,1.0075273004474277,1.0072008815243523,False,False,0.5
0.4,0.75,3.4648310161805855,3.438793961641422,0.9924853320645157,1.0161528833089417,1.0156531007508196,False,False,0.5
0.4,1.0,3.5073788680476206,3.478338317646821,0.9917201558504671,1.0278381170919804,1.0281252407995647,False,False,0.5
0.4,1.5,3.6502341718889637,3.6160287993110574,0.9906292662423338,1.068525224696568,1.0700007122518784,False,False,0.5
0.4,2.0,3.811686646385182,3.7775300890682044,0.9910389912692927,1.1162483517799087,1.1173276109029813,False,False,0.5
0.4,3.0,4.427833143402574,4.40654021429789,0.9951911175477761,1.3021188806666035,1.2979399112691627,False,False,0.5
0.4,5.0,6.6503910088405265,6.603651551505454,0.9929719234142864,1.9513584237035333,1.9494429072561184,False,False,0.5
0.5,0.0,2.8829947046613023,2.870186493308121,0.9955573240101785,1.0,1.0,False,False,0.5
0.5,0.1,2.8857707223761997,2.8730297640111444,0.9955849027553498,1.0009906222852252,1.0009628937959578,False,False,0.5
0.5,0.2,2.893840386809967,2.8812911584418495,0.995663469061626,1.0038689698943324,1.0037619500761237,False,False,0.5
0.5,0.35,2.9143221099320304,2.902236424678602,0.9958530029291407,1.0111664978722483,1.0108662722203676,False,False,0.5
0.5,0.5,2.9421965804189942,2.930694226311663,0.9960905555448327,1.0210814639204167,1.020534854143843,False,False,0.5
0.5,0.75,2.9981401124705975,2.9876534796991243,0.9965022872920933,1.040926604130038,1.0399395141528096,False,False,0.5
0.5,1.0,3.1489772996762317,3.1262150542215803,0.9927715434922342,1.0892027613921234,1.0922591340819605,False,False,0.5
0.5,1.5,3.415251628588262,3.400399866849717,0.9956513418764743,1.184731331841257,1.1846194594344528,False,False,0.5
0.5,2.0,3.7736025002866898,3.7522174007168325,0.9943329750369223,1.3073078733612533,1.3089175967563969,False,False,0.5
0.5,3.0,4.641326347360095,4.610387112354103,0.9933339669115081,1.6063022814382564,1.6098976317423945,False,False,0.5
0.5,5.0,7.2386821444914835,7.20229515864063,0.9949732582361634,2.5093474502207016,2.510820478715341,False,False,0.5
