gamma,tau_osc_meas,Gamma_env_05,Gamma_env_01,group_05,group_01,R_tau_05,R_tau_01
0.02,3.288135593220339,0.04910138851630752,0.04744696061150421,0.16145202325701116,0.15601203997681046,1.351,1.349
0.05,3.288135593220339,0.11006033140620257,0.11864639863014856,0.361893293098361,0.39012544634320034,0.965,2.058
0.08,3.288135593220339,0.19642405748878064,0.2155777572582128,0.6458689347936177,0.7088488967473437,1.004,1.186
0.1,3.288135593220339,nan,0.29369093074455777,nan,0.96569560278719,0.993,0.993
0.15,3.288135593220339,nan,0.5460045577459663,nan,1.7953370203850418,0.996,0.995
0.2,3.288135593220339,nan,0.7181512739153683,nan,2.3613787650776517,0.985,0.985
0.3,3.288135593220339,nan,1.3723459549666597,nan,4.51245958073783,0.997,0.997
0.4,3.288135593220339,nan,nan,nan,nan,0.992,0.99
0.5,3.288135593220339,nan,1.3750157729015962,nan,4.521238304117113,0.996,0.995
